OBJECTID,ROUTE_ID,FC_CODE,FC_CODE_DESC,SHAPE_Length
1,12,3,3,27729.290698491
2,12,4,4,223625.176281457
3,13,3,3,13489.5517202947
4,13,4,4,22306.3174543959
5,13,5,5,35819.4553242411
6,14,4,4,82239.6389935136
7,15,1,1,837501.120181349
8,16,4,4,62571.3769028149
9,17,4,4,12262.6457787491
10,18,3,3,41992.7283246989
11,18,4,4,62711.8270857537
12,19,5,5,9481.39380945406
13,20,3,3,42051.2311063649
14,21,4,4,62956.0122949336
15,21,5,5,158420.46177979
16,22,5,5,14093.5493840007
17,23,4,4,21729.6562988465
18,23,5,5,42865.5608728769
19,24,4,4,330649.317152418
20,25,5,5,20569.2558722504
21,26,3,3,8015.12601844031
22,28,3,3,81241.2508454398
23,28,4,4,9997.54485600987
24,29,5,5,45302.9170465885
25,30,3,3,8672.22421122579
26,30,4,4,88702.7888545791
27,30,5,5,195398.676211859
28,31,5,5,99708.3210266734
29,32,4,4,60405.28089351
30,32,5,5,1332.36226796435
31,32,7,7,384.385553119881
32,6,2,2,13549.5919411763
33,6,3,3,437205.420527588
34,6,4,4,149157.444494352
35,7,2,2,36997.1366747316
36,8,3,3,2647.53336353072
37,9,3,3,90914.266338038
38,10,3,3,143241.045615639
39,11,4,4,5997.77685644988
40,60,5,5,15875.1870671279
41,61,5,5,15721.0302011461
42,62,5,5,88182.0125084182
43,63,4,4,5394.80441546229
44,64,5,5,4207.70945311618
45,65,5,5,60138.2409162372
46,66,5,5,30629.3323407385
47,74,4,4,10749.4664148209
48,75,3,3,4265.67450884929
49,76,6,6,5022.07500440035
50,77,3,3,4141.48819190938
51,77,4,4,1015.98834253206
52,77,5,5,14013.0151600582
53,78,5,5,19659.6137747463
54,79,3,3,7316.02469783449
55,79,4,4,5057.11100423094
56,80,1,1,416524.283272273
57,67,2,2,24770.6910436747
58,68,3,3,88316.5858205124
59,68,4,4,61817.9768983518
60,70,1,1,479332.266016749
61,71,3,3,47778.835264473
62,72,5,5,73177.6483435337
63,73,3,3,76420.622634146
64,34,3,3,4372.17090287624
65,35,5,5,130765.477047641
66,36,3,3,50435.6260178041
67,36,5,5,89386.3374771842
68,37,4,4,26409.1047789891
69,38,4,4,17881.0889190502
70,38,5,5,23028.6132577973
71,38,999,999,498.177346236936
72,39,3,3,16545.516685744
73,39,4,4,24864.0068070709
74,39,5,5,104061.500392412
75,40,2,2,28216.9566597316
76,40,3,3,341390.653181317
77,42,5,5,15976.9813065223
78,43,4,4,16911.02951965
79,43,5,5,5581.57460836977
80,44,4,4,59499.4452306822
81,45,5,5,84398.0244016856
82,46,5,5,44351.9733863186
83,48,3,3,9789.5113896413
84,50,3,3,122804.382819824
85,51,4,4,7111.44161386434
86,52,3,3,7853.73224855327
87,52,4,4,824.177699024206
88,53,4,4,4175.79567283636
89,54,5,5,2796.28336253918
90,55,3,3,6155.02929979388
91,56,3,3,11257.1688102729
92,56,4,4,62692.6051553912
93,56,5,5,51088.6697645293
94,57,5,5,13933.0843926608
95,57,6,6,8291.61571049132
96,58,4,4,3202.15112196949
97,59,3,3,6722.03620428262
98,59,4,4,38216.1098719597
99,117,5,5,25450.5425882889
100,118,4,4,37505.7989004945
101,118,5,5,12424.5308655313
102,81,5,5,5382.98063715898
103,82,4,4,2165.65901023616
104,82,5,5,4778.45202161637
105,83,4,4,50967.9113345392
106,83,5,5,15223.7556142611
107,84,1,1,172646.242407779
108,85,3,3,38070.8994768698
109,85,30,30,5363.4123324292
110,86,5,5,4556.30108146059
111,87,5,5,80410.1562353591
112,88,5,5,35918.8906445093
113,89,3,3,872348.052013163
114,90,4,4,2546.94915196273
115,91,3,3,86263.4916370419
116,91,4,4,11395.9427604174
117,92,3,3,16071.7876110019
118,92,5,5,41192.8233301693
119,93,3,3,774.887798805307
120,94,6,6,1978.17399791036
121,95,4,4,247516.54981588
122,96,5,5,47799.8890102894
123,97,3,3,531.445457098206
124,97,4,4,10858.4751696404
125,99,5,5,8659.60262935077
126,100,5,5,35179.904654674
127,101,4,4,12743.1131308489
128,101,5,5,34039.0759968521
129,102,4,4,10428.7432242826
130,102,5,5,32856.9043347897
131,103,4,4,453.550810712027
132,104,4,4,6845.84025085045
133,105,4,4,2385.57657098791
134,106,4,4,18843.7966946041
135,106,4,5,455.713907867393
136,106,5,5,808.84347596455
137,107,5,5,3207.21288010261
138,108,3,3,27632.2176348663
139,109,4,4,6326.55424381032
140,110,4,4,7476.19831217646
141,111,3,3,22478.4519437632
142,112,3,3,17413.803098492
143,113,4,4,15124.6504086444
144,114,3,3,23906.8887496583
145,115,4,4,1746.80697508369
146,115,5,5,15662.7613246535
147,116,4,4,14754.8055649556
148,144,7,7,4553.80200591602
149,145,3,3,14531.5441691291
150,147,4,4,6350.06043156857
151,147,5,5,31796.330480073
152,148,5,5,5111.11541983098
153,155,5,5,22394.9194965993
154,156,3,3,2884.13281787837
155,157,5,5,10901.7713305157
156,158,5,5,24918.1863058596
157,159,5,5,16650.923596103
158,160,4,4,3689.37216265132
159,160,5,5,4122.22420012632
160,161,5,5,6374.97691716206
161,162,4,4,64410.2028045447
162,163,5,5,83809.9093994904
163,149,5,5,8942.89173262327
164,150,5,5,116215.579228478
165,151,3,3,9082.92821771679
166,152,3,3,6620.24356555156
167,153,5,5,83268.3363020721
168,154,3,3,50774.5964462148
169,154,4,4,864.895668000081
170,119,5,5,18092.8546510788
171,120,3,3,8059.61216893083
172,121,4,4,6458.69546061507
173,121,5,5,78610.7276825459
174,122,5,5,18394.1452646871
175,123,5,5,23775.7814829854
176,124,6,6,16608.2517190167
177,125,5,5,45567.0891076768
178,126,3,3,46522.9891331729
179,127,4,4,5358.08098345685
180,128,5,5,91981.2283329926
181,129,3,3,11713.5699040831
182,129,4,4,3816.97508693315
183,130,3,3,17839.442099661
184,130,4,4,69532.8057964398
185,131,3,3,3290.53159826741
186,131,30,30,2579.05688766325
187,132,4,4,62668.0521621247
188,132,5,5,69447.8436497423
189,133,5,5,14873.269374114
190,134,3,3,2476.02372427074
191,134,4,4,28327.4478260802
192,135,3,3,874.610686216008
193,135,4,4,670.587602461343
194,136,5,5,6395.58479765667
195,137,5,5,23427.1130635972
196,137,6,6,225.625866331547
197,138,3,3,25879.1213841852
198,138,4,4,17428.3423487684
199,139,5,5,2974.90305240018
200,140,3,3,1006.72356667471
201,140,4,4,959.789622572643
202,141,5,5,13839.1801522889
203,142,5,5,37432.7513351029
204,143,4,4,38636.2540752442
205,143,5,5,64498.7388632464
206,209,3,3,33682.0395264179
207,209,5,5,5513.84072388229
208,209,50,50,904.073235440073
209,210,3,3,8188.0806573961
210,210,4,4,20492.5084297598
211,164,5,5,5760.6886834917
212,165,4,4,12544.7313891261
213,165,5,5,10629.7336670039
214,167,4,4,20394.9257928836
215,167,5,5,3428.27786324272
216,168,7,7,2521.64159446554
217,171,3,3,25736.4253738444
218,171,3,4,7457.06810683534
219,172,3,3,19647.7125695821
220,173,3,3,21069.5356877757
221,174,5,5,16912.4785907465
222,175,3,3,10380.9481207984
223,176,4,4,2215.73249113367
224,178,4,4,2528.89231651106
225,180,4,4,2201.50192048079
226,185,5,5,0
227,186,3,3,18333.2402165634
228,189,3,3,60994.5902369589
229,190,3,3,3888.65754032107
230,190,4,4,31663.008291847
231,190,6,6,6485.67793674199
232,191,3,3,321877.641821469
233,191,4,4,201587.65410864
234,193,3,3,20182.7607219226
235,194,3,3,6409.32136187344
236,196,5,5,78272.8365594204
237,198,3,3,1713.77155305891
238,198,4,4,31449.9040470473
239,199,5,5,46292.0811150971
240,200,5,5,3417.28416332533
241,201,2,2,17069.3907851998
242,201,3,3,18485.6300263379
243,201,4,4,3187.19911222514
244,202,5,5,3617.17019760336
245,203,3,3,13169.5706266668
246,204,3,3,11675.4997599046
247,208,5,5,21559.0511956344
248,269,3,3,3822.2079917079
249,270,4,4,1596.55096861201
250,271,5,5,11396.5808873161
251,273,4,4,6412.82300036967
252,274,4,4,2547.94976567179
253,275,5,5,7774.20117979838
254,276,4,4,144546.240701273
255,279,5,5,31450.5354074781
256,291,7,7,1237.66239004468
257,292,6,6,2865.62870953692
258,292,7,7,881.706113955527
259,293,7,7,2544.65936375981
260,294,7,7,811.816718360268
261,296,7,7,3035.43207219426
262,298,7,7,2234.71748072607
263,299,7,7,2145.80878676579
264,280,5,5,852.037509081451
265,282,4,4,4040.41712543754
266,282,5,5,2235.67833692486
267,284,7,7,3709.71209318808
268,285,7,7,737.642065886991
269,286,7,7,2825.98976623468
270,287,7,7,1613.4523274589
271,289,4,4,2276.55350587891
272,289,5,5,1655.11346776155
273,290,5,5,2492.62535731132
274,211,5,5,39314.989083894
275,215,1,1,63625.9604738689
276,218,4,4,7015.48621896493
277,218,5,5,10712.2198940543
278,219,5,5,3410.84130963533
279,222,5,5,4835.05703610759
280,222,6,6,2230.59951273265
281,224,3,3,18720.0204009896
282,224,3,4,57.375354388202
283,224,5,5,5972.67716371363
284,225,4,4,1631.20021323759
285,226,5,5,6480.26369450584
286,227,4,4,1541.43275673961
287,228,5,5,3674.01395292751
288,231,6,6,185.46099267368
289,232,4,4,4827.11460361525
290,232,7,7,274.155133432897
291,235,4,4,6930.24421777686
292,240,4,4,2589.24672940541
293,241,4,4,812.292588120842
294,243,5,5,3004.50462777514
295,248,3,3,6673.58960319484
296,248,4,4,24106.3413270962
297,252,3,3,14770.4691517093
298,256,5,5,11652.2391033996
299,257,4,4,143728.169555619
300,258,4,4,4180.52018032132
301,259,4,4,925.181572960821
302,260,4,4,8692.01235556555
303,261,5,5,66302.4620050115
304,262,5,5,46005.572555845
305,264,5,5,32155.7267376382
306,265,3,3,9154.45273514657
307,266,3,3,17234.0174727092
308,268,3,3,1597.43839465622
309,1034,7,7,62971.258001791
310,1050,6,6,119486.232505008
311,1050,7,7,23661.0690058097
312,1052,6,6,79884.752010877
313,301,7,7,4517.36295193203
314,302,7,7,7633.43285134849
315,303,5,5,3281.7226313
316,304,7,7,201.284823408319
317,306,7,7,948.875389723314
318,309,7,7,755.043869682955
319,310,7,7,725.39255475358
320,311,6,6,8245.10376291705
321,312,6,6,1252.03729637522
322,313,5,5,46295.3485872782
323,314,7,7,1649.2018312597
324,315,5,5,3804.44502492153
325,316,6,6,7155.06831472281
326,317,7,7,2238.89396064392
327,318,5,5,4488.4154445147
328,319,5,5,2570.31094289959
329,319,7,7,4.32813498579671
330,320,7,7,4439.0061156101
331,491,3,3,34771.1721499542
332,716,6,6,4.71606216720518
333,1000,6,6,40260.9926599551
334,1000,7,7,58343.6664018605
335,1001,5,5,33294.1596942117
336,1002,5,5,4814.67735638005
337,1003,5,5,25341.3037777244
338,1004,6,6,13500.545446816
339,1005,6,6,6911.8016309233
340,1006,6,6,15158.7624269159
341,1007,6,6,8335.89493540733
342,1008,6,6,38561.4067082854
343,1010,6,6,18225.7143847328
344,1011,6,6,852.849189160035
345,1012,7,7,10186.4358835222
346,1014,6,6,15011.4259413896
347,1015,5,5,2450.05865959843
348,1016,5,5,18230.8537449696
349,1018,5,5,13119.7914304224
350,1020,5,5,7130.22425142825
351,1024,6,6,48079.6990935595
352,1026,7,7,7344.66592731609
353,1028,7,7,10896.7460640265
354,1029,6,6,5621.09794051856
355,1030,7,7,5988.50604053921
356,1032,7,7,2283.52363682921
357,1112,6,6,15533.5510750813
358,1113,6,6,4274.34417605121
359,1114,6,6,4325.35169685064
360,1116,5,5,3577.98816461646
361,1117,6,6,2626.01607392354
362,1118,6,6,19361.5105606895
363,1129,5,5,6781.59188993695
364,1130,5,5,18093.6594263738
365,1131,6,6,1636.09903160219
366,1132,5,5,8138.45615849689
367,1133,5,5,3240.72568944163
368,1134,6,6,4307.01334805068
369,1135,6,6,17556.3110601592
370,1136,6,6,3351.20783390641
371,1119,6,6,6336.00069104252
372,1120,5,5,2198.9311759556
373,1120,6,6,4373.70321921199
374,1121,5,5,1644.7359776725
375,1122,5,5,13366.5890351687
376,1123,5,5,2175.06567741275
377,1124,5,5,9183.7569627134
378,1125,6,6,2171.63939106621
379,1126,5,5,2666.65551261914
380,1126,6,6,1116.25489107244
381,1127,5,5,4276.3906585691
382,1128,5,5,3215.00147956021
383,1054,7,7,29160.2774016153
384,1056,6,6,44051.6528541126
385,1058,7,7,15091.0584887098
386,1060,6,6,86700.9101107606
387,1062,6,6,41348.5859963876
388,1064,5,5,11169.9972935154
389,1066,6,6,6513.28050166135
390,1068,5,5,18747.8192481769
391,1070,6,6,6416.70874053281
392,1070,7,7,26908.0997058566
393,1072,6,6,17631.3252813531
394,1074,7,7,15031.4543104401
395,1076,5,5,15874.3550495253
396,1078,6,6,6637.90193650089
397,1078,6,7,4242.10553063554
398,1078,7,7,62.9934265254999
399,1080,6,6,4351.94027766619
400,1082,4,4,5325.51407739777
401,1082,5,5,26582.6153776832
402,1084,5,5,3761.86113998218
403,1085,6,6,7500.50737663032
404,1085,60,60,6511.24611623671
405,1086,4,4,8303.52167664387
406,1088,4,4,868.568334751848
407,1088,5,5,1052.42817807321
408,1090,5,5,4010.26653939803
409,1092,7,7,3992.1781819715
410,1094,5,5,2952.99487210866
411,1094,7,7,870.685013538663
412,1096,5,5,2998.36540526266
413,1096,6,6,977.301801195431
414,1098,5,5,3533.49669603324
415,1100,5,5,4410.22711669233
416,1102,7,7,4271.22284121597
417,1104,6,6,11147.7198205844
418,1106,6,6,12911.3365877328
419,1108,7,7,5750.14298725157
420,1110,4,4,23944.81261339
421,1232,5,5,7764.79113389255
422,1232,50,50,2906.39490669901
423,1234,7,7,1997.83139396802
424,1236,6,6,4736.84902951672
425,1238,5,5,1649.9117928679
426,1239,5,5,4157.83022320758
427,1240,5,5,4721.43968566288
428,1240,7,7,536.059762934716
429,1242,5,5,5906.58567790769
430,1244,5,5,4604.98409083094
431,1248,5,5,845.587905722238
432,1250,4,4,4507.31855398664
433,1250,5,5,11848.4633963002
434,1136,7,7,8987.1971728295
435,1138,6,6,4347.98137932225
436,1138,7,7,4311.98166791162
437,1139,6,6,3820.7974408406
438,1140,6,6,10995.430923183
439,1142,5,5,498.884010525549
440,1142,6,6,24855.3178970734
441,1144,6,6,6237.81112037122
442,1160,6,6,31047.51990184
443,1162,6,6,7401.31544349202
444,1164,5,5,6445.56614570628
445,1166,6,6,10556.9709121719
446,1168,7,7,34068.8496529672
447,1170,5,5,11567.2538418914
448,1172,6,6,3781.24558891996
449,1174,5,5,3989.9342497789
450,1175,5,5,2511.28460613556
451,1176,4,4,5542.85949146745
452,1177,5,5,3858.57393532775
453,1178,5,5,5775.63042570495
454,1179,5,5,950.195128021782
455,1180,6,6,6608.41196870778
456,1181,6,6,4356.29332381362
457,1182,6,6,9295.05186213355
458,1182,7,7,161.133035615174
459,1184,4,4,14508.9295957515
460,1184,5,5,745.230862750601
461,1185,6,6,2228.69187775007
462,1186,5,5,11638.590200487
463,1187,5,5,6639.34196962261
464,1188,6,6,7287.49912604309
465,1189,5,5,1661.0381781061
466,1190,5,5,3845.21879408925
467,1190,7,7,5093.88219418162
468,1191,5,5,1280.48699023163
469,1192,5,5,7139.41261926325
470,1193,5,5,3199.959836642
471,1194,5,5,218.254267578442
472,1195,5,5,1248.84291107846
473,1196,7,7,1266.35075020377
474,1197,4,4,4310.3899159173
475,1197,5,5,5869.75566696438
476,1199,6,6,1120.97652099347
477,1200,5,5,3567.96373706659
478,1201,5,5,815.719600036178
479,1202,4,4,2068.96488639121
480,1202,5,5,528.510394378263
481,1203,6,6,5016.75256779328
482,1204,5,5,2009.76878596372
483,1204,6,6,814.498452826394
484,1205,6,6,1705.21767965341
485,1206,6,6,1695.39975174493
486,1208,4,4,2285.88556368449
487,1208,5,5,2724.73022828678
488,1210,7,7,1923.34532094562
489,1212,4,4,6084.27746100626
490,1212,5,5,1098.77313953999
491,1214,5,5,7741.44435466959
492,1214,7,7,286.989299380671
493,1218,6,6,1650.02351686588
494,1220,5,5,3322.23899983799
495,1222,5,5,102.228429611565
496,1222,7,7,1578.28510412587
497,1223,5,5,2278.49200206023
498,1223,5,50,212.285571971238
499,1224,5,5,1959.96193793148
500,1226,5,5,1422.51665953458
501,1226,7,7,267.681064610682
502,1228,7,7,1211.06721922378
503,1230,6,6,580.985660208983
504,1230,7,7,1065.33511235632
505,1232,4,4,3311.13940606924
506,1318,6,6,9587.21872321351
507,1320,6,6,14831.0921355421
508,1322,5,5,4764.50593537886
509,1322,7,7,1546.99344496446
510,1323,7,7,5253.06604694171
511,1327,7,7,13116.7279695044
512,1328,6,6,19601.6039211343
513,1329,5,5,1368.59841560662
514,1330,5,5,6399.09698673431
515,1331,4,4,3226.82732886149
516,1331,6,6,1541.40400218442
517,1332,4,4,7371.78950440886
518,1324,5,5,21342.5120810625
519,1325,5,5,2081.59095285216
520,1326,5,5,801.047511720099
521,1326,6,6,7507.91164498136
522,1327,6,6,2809.47500226315
523,1251,4,4,2302.85605895895
524,1251,5,5,1138.01214613147
525,1254,5,5,7628.94632393598
526,1254,6,6,13754.2826054058
527,1255,6,6,3286.95821648169
528,1256,5,5,6496.01695862072
529,1258,6,6,2229.60385132775
530,1259,5,5,733.064281773932
531,1260,6,6,4676.18241859269
532,1262,7,7,10585.8585840046
533,1264,5,5,2286.33126398159
534,1264,6,6,3838.17186905344
535,1265,5,5,1080.06357776022
536,1266,5,5,7219.01881329982
537,1267,4,4,4123.46162634284
538,1267,5,5,6316.48627866111
539,1268,5,5,5969.34398501647
540,1268,7,7,1091.54757797255
541,1270,6,6,4430.22326136352
542,1271,5,5,2157.53679109842
543,1272,7,7,11574.9779319352
544,1274,7,7,16971.3066744686
545,1276,7,7,8220.06325410696
546,1278,6,6,7279.15685680868
547,1279,6,6,7587.75068185335
548,1280,7,7,12187.9090882517
549,1300,5,5,146249.161977181
550,1302,6,6,9981.55582008811
551,1304,5,5,25218.6567325047
552,1304,6,6,18428.5292072376
553,1305,7,7,3812.6455860869
554,1306,5,5,15337.8683198321
555,1307,5,5,2191.27073296442
556,1308,6,6,10270.322847914
557,1308,7,7,7915.01326849388
558,1309,6,6,4765.06409333646
559,1310,7,7,17907.7299416997
560,1312,5,5,8283.49278610164
561,1314,6,6,903.400893685029
562,1314,7,7,4096.98366585882
563,1316,6,6,28983.5618023566
564,1446,6,6,6518.2889221751
565,1448,6,6,3942.70893358276
566,1449,6,6,5856.69723289831
567,1450,6,6,5117.10000795125
568,1452,4,4,2981.06431941545
569,1453,40,4,2504.73923971474
570,1453,40,40,260.116571142665
571,1454,4,4,2239.85203431937
572,1333,6,6,1537.20781020527
573,1334,5,5,1910.33800771381
574,1334,6,6,1869.17281041575
575,1335,5,5,905.108950556692
576,1336,6,6,55843.3616383634
577,1338,6,6,1131.59179604294
578,1340,6,6,592.144325172715
579,1341,5,5,4867.282170157
580,1342,4,4,1896.77501239217
581,1344,4,4,3251.28279730149
582,1344,5,5,1319.58011018204
583,1345,6,6,1048.04000834704
584,1346,7,7,1476.15768939608
585,1347,6,6,537.6641708314
586,1348,5,5,2393.1276318311
587,1360,7,7,41272.3773380746
588,1364,5,5,52578.9278476831
589,1366,6,6,5503.27274327754
590,1368,6,6,10833.5042458587
591,1370,5,5,27554.9673328196
592,1372,6,6,8491.02273160016
593,1374,5,5,6267.20273029002
594,1380,4,4,3737.06282492065
595,1380,5,5,949.701399486388
596,1380,5,6,166.361303580127
597,1384,6,6,9533.90768547701
598,1384,7,7,431.978307013766
599,1386,4,4,2979.36142932454
600,1388,4,4,6462.83573496771
601,1388,5,5,5773.16234897528
602,1389,5,5,7936.64547854236
603,1389,50,50,236.917572811572
604,1390,6,6,1320.6985364563
605,1392,4,4,535.521092440986
606,1392,5,5,4980.64184753752
607,1394,5,5,751.562815490252
608,1395,7,7,916.674939751451
609,1396,5,5,1229.36547299164
610,1397,7,7,2023.84814240826
611,1398,6,6,1585.98457444384
612,1400,4,4,784.212872941952
613,1400,5,5,15952.6194319965
614,1402,5,5,2801.75828498081
615,1404,4,4,1375.28125777434
616,1404,5,5,4498.7535743478
617,1406,5,5,4962.96204523077
618,1408,4,4,5048.23616609123
619,1410,5,5,6126.93328496275
620,1416,7,7,53563.2485856028
621,1418,5,5,5183.32666198079
622,1420,4,4,1484.91386635315
623,1420,5,5,1441.13268731569
624,1422,4,4,1423.67893805085
625,1422,5,5,4064.80972569395
626,1422,6,6,1115.68332870175
627,1424,6,6,1467.15321532758
628,1425,6,6,1831.74615889962
629,1426,6,6,1095.99376289743
630,1427,4,4,274.17642362341
631,1427,40,40,3300.92730263766
632,1428,6,6,10319.6915592267
633,1430,6,6,1087.54940996979
634,1431,6,6,9176.51547727936
635,1431,60,60,1953.09214686643
636,1432,6,6,1858.63066303189
637,1435,4,4,5173.39705305636
638,1435,40,40,860.740475273429
639,1436,5,5,1469.40422513219
640,1438,5,5,13480.6975962866
641,1439,4,4,1969.98143058039
642,1442,4,4,3338.16953842617
643,1443,6,6,5291.32371819274
644,1444,7,7,3306.49704306349
645,1445,6,6,9731.75393927232
646,1548,6,6,12070.2346815933
647,1550,6,6,28132.1859549592
648,1550,7,7,13629.6783381319
649,1551,7,7,1316.59982471601
650,1564,7,7,12085.7550805866
651,1566,5,5,38642.3568063881
652,1572,6,6,16962.4259311432
653,1574,6,6,48016.1973927439
654,1575,6,6,10261.5241064209
655,1552,5,5,32668.793915226
656,1553,7,7,4472.19695448872
657,1554,6,6,15754.6225014582
658,1555,6,6,6473.44148813157
659,1556,6,6,50038.1702521465
660,1557,6,6,42508.7417625457
661,1558,6,6,42604.4150568548
662,1562,6,6,8763.57068177547
663,1456,4,4,9879.70317891266
664,1458,5,5,8294.6699817374
665,1459,4,4,953.851613177887
666,1459,6,6,7819.34166740613
667,1461,60,60,2666.53362847664
668,1462,5,5,6908.08312089883
669,1462,50,50,10222.0631452824
670,1464,5,5,9320.97115847338
671,1464,6,6,2148.46319408963
672,1465,60,60,4337.28364982312
673,1466,5,5,4289.61634943078
674,1467,4,4,5538.57896459685
675,1468,5,5,15651.6523954218
676,1470,5,5,2126.63697961219
677,1471,6,6,2390.83206060774
678,1472,5,5,4280.53911393438
679,1474,4,4,4742.49790715867
680,1474,40,40,2475.38927316093
681,1476,6,6,4501.5809442399
682,1478,4,4,8711.6201248268
683,1480,6,6,3175.81480363868
684,1482,5,5,1029.27536251878
685,1483,5,5,11019.9957092816
686,1483,6,6,2139.55817858209
687,1484,4,4,1390.12335827488
688,1484,5,5,2324.85272706976
689,1484,6,6,4138.73003854143
690,1485,6,6,7499.61119611019
691,1486,5,5,2408.52662971561
692,1488,7,7,1404.32369911681
693,1489,4,4,4284.40848562456
694,1489,5,5,2143.47777066102
695,1490,5,5,7486.56225578918
696,1492,5,5,9642.3685642347
697,1495,5,5,3778.89894570683
698,1497,30,30,28177.6453264262
699,1498,5,5,5550.98415655417
700,1499,30,30,46282.6670152092
701,1500,5,5,3863.6035490887
702,1504,6,6,9627.95563041558
703,1506,5,5,10841.7776445145
704,1508,5,5,3279.44191107977
705,1512,4,4,3285.7446807162
706,1532,6,6,17316.5375773246
707,1533,6,6,45369.4795146414
708,1534,6,6,70295.4029062501
709,1536,6,6,19444.9735147797
710,1538,6,6,7523.58682927336
711,1540,6,6,12260.3206629328
712,1542,6,6,17879.3196664212
713,1543,6,6,2063.4858028131
714,1543,60,60,1233.23401141623
715,1544,5,5,18667.7026572094
716,1545,6,6,12742.3687977474
717,1546,6,6,15785.9552011878
718,1648,6,6,42510.2086405271
719,1650,5,5,12464.1582248236
720,1660,5,5,71250.5787810161
721,1662,6,6,11569.1202438409
722,1664,6,6,45283.023204631
723,1666,6,6,93593.5786732783
724,1666,7,7,11812.7207764444
725,1668,5,5,135199.422071543
726,1670,5,5,66690.569231069
727,1672,6,6,42768.118352621
728,1576,5,5,33142.4882893416
729,1576,50,50,3604.97702363341
730,1578,5,5,6591.82997364674
731,1580,5,5,26378.6517579507
732,1581,6,6,6088.54723736075
733,1582,7,7,20366.3208525104
734,1583,6,6,10696.8194588284
735,1584,5,5,13836.9654146721
736,1585,6,6,10960.3122337042
737,1586,6,6,17994.3225206008
738,1588,6,6,17633.7315519683
739,1588,7,7,17543.2892907268
740,1590,7,7,11119.5999272135
741,1592,7,7,1091.73183901204
742,1594,6,6,3847.72418588799
743,1596,6,6,4449.81057807344
744,1598,7,7,1392.96661325403
745,1610,6,6,9632.55263474718
746,1612,5,5,40230.1203301649
747,1614,6,6,42622.7823158976
748,1616,6,6,15149.1723496933
749,1618,7,7,42578.7283097429
750,1620,6,6,27969.6187538321
751,1622,5,5,14556.4820432472
752,1624,6,6,3204.17884498969
753,1626,6,6,10367.4941537179
754,1628,6,6,14839.4204647196
755,1629,7,7,4374.56407421604
756,1630,6,6,25400.9913536122
757,1632,5,5,11540.6356098247
758,1634,6,6,2499.29360961715
759,1636,5,5,10711.2025097489
760,1636,6,6,141145.906912142
761,1638,5,5,12563.2403529676
762,1640,6,6,59328.4145178234
763,1642,7,7,6866.97775251564
764,1644,6,6,2810.99444699705
765,1646,7,7,24026.5203702329
766,1741,60,60,8310.24689405586
767,1742,7,7,4059.13781718576
768,1743,5,5,9194.70169270307
769,1744,6,6,12932.1614656614
770,1745,5,5,11403.8034147014
771,1746,6,6,13763.1227572316
772,1746,7,7,17740.9886533038
773,1747,6,6,2055.36259215932
774,1747,60,60,6107.6645588379
775,1748,6,6,5969.24496234921
776,1754,6,6,15740.704033096
777,1755,5,5,1917.16282131646
778,1756,6,6,6701.21841842404
779,1756,60,60,2050.51727441538
780,1758,5,5,3407.34135283803
781,1760,5,5,1382.86909577625
782,1761,5,5,1337.93017547906
783,1762,4,4,1321.55088143086
784,1764,5,5,2925.25373425251
785,1764,50,50,292.19799909675
786,1749,6,6,3190.71034072868
787,1750,7,7,5100.64919033838
788,1751,5,5,1746.22853963686
789,1752,5,5,31332.1090768489
790,1753,4,4,5698.39017318686
791,1753,5,5,3234.67316182996
792,1676,6,6,19289.6935076543
793,1676,7,7,104868.579678319
794,1678,6,6,8412.32385853683
795,1680,6,6,2284.22359913993
796,1684,6,6,46837.5836345389
797,1686,6,6,32514.7763926837
798,1690,4,4,1377.86805164934
799,1691,5,5,4471.51482653806
800,1692,4,4,2198.76174271796
801,1692,5,5,12600.567702345
802,1693,4,4,724.185176639788
803,1694,5,5,4054.40920563961
804,1695,5,5,7140.62357730207
805,1696,4,4,1221.64549948321
806,1696,5,5,6522.53159909303
807,1696,6,6,34003.4245836077
808,1697,5,5,7949.6668400775
809,1698,6,6,15745.1383251672
810,1698,7,7,20014.8506823873
811,1699,6,6,1096.88578513384
812,1700,6,6,51624.3436429893
813,1701,5,5,2153.53878051499
814,1702,6,6,12938.1237753992
815,1702,7,7,43699.7578281236
816,1703,5,5,1157.97879920406
817,1704,5,5,75107.7356826338
818,1705,4,4,1972.13654910294
819,1706,6,6,44303.143896835
820,1707,6,6,25078.1058963441
821,1708,6,6,15474.6620739264
822,1709,6,6,964.091240406566
823,1710,7,7,9087.04717440216
824,1712,5,5,19853.5017097175
825,1714,6,6,16473.5301112559
826,1715,6,6,10839.4314280475
827,1716,6,6,102299.310776282
828,1718,6,6,24332.0902490759
829,1730,7,7,11632.979187408
830,1732,6,6,26432.6369458471
831,1734,7,7,12220.3793392592
832,1736,6,6,17595.8313242083
833,1738,6,6,47719.3130340168
834,1738,7,7,4076.63938655707
835,1739,6,6,3059.7111172523
836,1739,60,60,1041.15321161842
837,1740,5,5,21190.0461357368
838,1741,6,6,2131.70663195563
839,1850,5,5,25177.5728940461
840,1851,5,5,14740.3969228989
841,1852,6,6,18976.5418202507
842,1854,5,5,80888.0134174473
843,1765,5,5,4821.54780077924
844,1766,7,7,965.93799616574
845,1767,5,5,997.954108597546
846,1768,4,4,1383.92144909
847,1770,4,4,2104.0174688388
848,1770,5,5,5962.44072658117
849,1771,4,4,3245.75745669319
850,1772,4,4,497.540824072463
851,1772,5,5,970.169332090021
852,1773,5,5,1801.53479076324
853,1774,4,4,3.40361117822374
854,1774,5,5,2927.63475327835
855,1775,5,5,1364.09872344691
856,1776,5,5,884.414970807661
857,1778,5,5,2100.92702359002
858,1778,6,6,7320.52781595289
859,1778,7,7,1024.21136905829
860,1780,5,5,2034.96500737325
861,1781,7,7,776.188557122877
862,1782,6,6,151746.886321053
863,1783,5,5,3175.44650775522
864,1784,5,5,21786.5357782267
865,1785,50,50,2072.48643287939
866,1786,6,6,14492.991690532
867,1787,6,6,3096.91799330991
868,1788,5,5,16757.0356319228
869,1789,6,6,4639.44144254897
870,1790,7,7,3371.22335980172
871,1792,6,6,24131.9983868907
872,1794,6,6,5152.37022902473
873,1794,7,7,4343.38792276843
874,1796,6,6,17734.4025045767
875,1798,6,6,44135.7831311622
876,1800,5,5,10386.1216681113
877,1810,6,6,207315.409502412
878,1812,5,5,19508.7038328591
879,1814,5,5,841.705429655323
880,1814,6,6,15980.2007587963
881,1816,6,6,5452.80786131322
882,1818,6,6,7848.27938672679
883,1819,6,6,2728.63772322496
884,1820,6,6,6980.03550389578
885,1820,7,7,4547.22999678702
886,1821,5,5,3610.8423941231
887,1822,6,6,45772.3187443808
888,1823,6,6,3362.14611383526
889,1824,6,6,3513.60664627816
890,1825,5,5,6862.48739632814
891,1826,5,5,35044.073218773
892,1828,5,5,22936.859125245
893,1830,5,5,9810.67318591366
894,1832,6,6,19673.9608016651
895,1832,60,60,2968.98754485145
896,1834,7,7,6242.73312935735
897,1940,6,6,9859.62640685095
898,1944,6,6,2121.75139147836
899,1944,7,7,9397.07589605906
900,1946,7,7,15175.0093715774
901,1948,5,5,22403.8377728053
902,1952,7,7,11528.4080583608
903,1953,7,7,6304.23663376357
904,1954,7,7,4165.00545739805
905,1956,7,7,6311.30247110198
906,1958,5,5,68468.6708314655
907,1958,6,6,36928.1961450688
908,1980,5,5,27252.0372090274
909,1982,5,5,1668.34337159232
910,1982,50,50,154.980431887198
911,1990,6,6,48160.2169494684
912,1994,6,6,16693.4037782943
913,1994,7,7,3958.62458214009
914,1996,6,6,2155.55496308193
915,1998,5,5,9198.19705046954
916,2000,5,5,2844.30647690801
917,1970,5,5,8291.29606115477
918,1972,5,5,18957.0081770281
919,1976,6,6,2492.62763959069
920,1978,5,5,21788.0667160763
921,1856,6,6,19690.3589968628
922,1858,6,6,58724.2410705349
923,1860,7,7,10652.7550266176
924,1862,5,5,113381.810297138
925,1866,6,6,74174.3340942977
926,1868,5,5,66242.2786917035
927,1870,5,5,15614.8659231746
928,1872,5,5,29843.776663909
929,1874,5,5,5140.39554375253
930,1874,6,5,693.073972626182
931,1874,6,6,28333.1068204946
932,1874,7,7,24888.7905534959
933,1875,5,5,36731.8222838224
934,1877,6,6,4797.06914729979
935,1878,4,4,10922.7388890838
936,1890,7,6,12079.8933635311
937,1892,7,7,19143.7430358205
938,1893,6,6,79313.5704933859
939,1894,5,5,14283.6820334696
940,1896,7,7,4129.58448214206
941,1898,7,7,4239.8389915548
942,1900,5,5,12865.4714173935
943,1902,6,6,12921.1169070309
944,1904,6,6,98645.6297573765
945,1905,6,6,85542.0172683838
946,1906,6,6,5944.5054185236
947,1908,7,7,14403.004483576
948,1912,6,6,23977.885020472
949,1914,6,6,4195.83510489948
950,1915,6,6,6611.19173727035
951,1916,7,7,8444.02579257707
952,1918,6,6,134729.556364905
953,1920,5,5,20924.0260487619
954,1922,6,6,7368.29833664968
955,1922,7,7,5335.29778307157
956,1924,6,6,2074.09627344799
957,1926,7,7,9451.06463904928
958,1928,7,7,7335.89839585883
959,1930,6,6,12553.8050239481
960,1930,7,7,5298.50198447007
961,1932,6,6,4118.00671383833
962,1934,6,6,6306.83874180514
963,1936,6,6,24796.6521148151
964,1938,6,6,22752.3688170791
965,3165,5,5,1246.42915591391
966,3166,4,4,13469.3441751212
967,3167,4,4,2759.78569356782
968,3167,4,40,2074.55407107647
969,3167,40,40,1650.53979786651
970,3168,6,6,2859.55455796296
971,3169,4,4,5434.9285641368
972,3169,40,40,5432.62361943203
973,3170,4,4,6080.77350865996
974,3171,6,6,1113.85716520148
975,3172,4,4,1268.81039612736
976,3308,5,5,4281.90524333604
977,3308,6,6,3195.26852821978
978,3310,6,6,4273.43554863983
979,3311,5,5,2152.58819623432
980,3315,5,5,1913.58108908859
981,3316,5,5,3687.35462002038
982,3316,6,6,1926.1757438753
983,3318,5,5,2502.66153239235
984,3320,7,7,5999.13008684363
985,3322,5,5,1486.4535725145
986,3327,6,6,678.233936284581
987,3327,60,60,932.302964961555
988,3328,5,5,4048.76414965637
989,3330,5,5,1360.69942099711
990,3336,6,6,3190.5881737073
991,2849,40,40,6211.57655968757
992,2850,6,6,1568.89027325876
993,2851,6,6,4315.68190932016
994,2852,6,6,7535.47298445315
995,2853,6,6,2220.40717887387
996,2854,6,6,10578.0545919639
997,2855,5,5,2871.88435898609
998,2856,5,5,6246.66625814229
999,2857,6,6,1680.74796002504
1000,2859,5,5,4423.19094091801
1001,2980,6,6,931.406507688863
1002,2980,50,50,1256.7413217163
1003,2982,5,5,4052.60646160307
1004,2983,3,3,1262.45725662003
1005,2983,4,4,1131.95420839916
1006,2983,5,5,2732.16168852668
1007,2985,40,40,6387.35803567876
1008,2986,6,6,7437.66442614784
1009,2987,5,5,2436.58458753353
1010,2987,6,6,7818.53218747168
1011,2988,4,4,7155.57294210626
1012,2990,5,5,4566.0414855957
1013,3172,5,5,4481.41025608975
1014,3173,5,5,2436.62336390299
1015,3174,4,4,5046.84125141178
1016,3174,5,5,2707.00712076147
1017,3175,5,5,2234.17441720939
1018,3176,5,5,2899.41676419822
1019,3177,5,5,1276.3147142192
1020,3178,5,5,3176.09647827769
1021,3179,40,40,4802.1482948189
1022,3180,5,5,1892.61387528857
1023,3340,5,5,3406.94358358335
1024,3340,6,6,1650.36238253526
1025,3342,5,5,6499.63113942454
1026,3344,5,5,6396.09867399818
1027,3345,6,6,2076.84500937312
1028,3346,6,6,3527.48762160191
1029,3347,6,6,2857.34805936809
1030,3348,6,6,2371.41431977063
1031,2859,50,50,1366.31259185717
1032,2860,5,5,3607.16286759943
1033,2862,5,5,8504.82725848228
1034,2863,6,6,53847.2526948268
1035,2864,6,6,8219.43227981026
1036,2865,5,5,4428.66857823669
1037,2865,6,6,50075.0648914351
1038,2865,7,7,26481.1315549984
1039,2991,6,6,3843.83872351809
1040,2992,5,5,210.029778057103
1041,2993,6,5,2044.91317398396
1042,2994,6,6,3140.70238107893
1043,2995,5,5,2808.38587459572
1044,2995,6,6,3161.95562188349
1045,2995,50,50,1792.94236453652
1046,2995,60,60,636.273754555824
1047,2996,5,5,1920.09480188888
1048,2998,5,5,1835.88253150434
1049,2998,6,6,3942.18898638997
1050,2999,4,4,3279.60787020102
1051,2999,5,5,5128.3344925992
1052,3181,5,5,3366.25734695929
1053,3182,5,5,5115.67863559324
1054,3183,4,4,3443.01857427882
1055,3183,40,40,6407.60023011388
1056,3184,4,4,9256.34340589192
1057,3184,5,5,41492.7952491817
1058,3185,5,5,5358.13921950442
1059,3186,7,7,35075.0098818162
1060,3350,5,5,2532.71436815064
1061,3354,4,4,4653.91021953486
1062,3354,5,5,4284.31643452337
1063,3355,5,5,2703.6307740095
1064,3356,4,4,3703.96402712032
1065,3357,5,5,2189.90294351425
1066,3358,5,5,9948.26135968781
1067,3359,5,5,3984.70964537682
1068,3360,5,5,6863.7176178206
1069,3361,5,5,7306.36159315957
1070,3362,6,6,7077.32969093531
1071,3363,6,6,3961.72492017563
1072,3364,5,5,7480.17165141064
1073,2866,5,5,8550.81003409382
1074,2867,40,40,3386.54342485092
1075,2868,5,5,3069.55683436087
1076,2869,5,5,6141.42432292386
1077,2870,5,5,2261.91065322076
1078,2870,6,6,7681.87568558483
1079,2870,7,7,3789.61692041391
1080,2871,5,5,610.394935217784
1081,2871,6,6,4436.52381534434
1082,2871,60,60,2414.13656524239
1083,3000,6,6,2279.39024317663
1084,3002,5,5,2241.56504663658
1085,3002,50,50,834.900978649202
1086,3004,4,4,2703.28185460306
1087,3004,5,5,4795.34010344297
1088,3004,7,7,1924.93926095513
1089,3004,50,50,712.031850535127
1090,3006,4,4,4310.57180371786
1091,3007,6,6,1607.34764023906
1092,3008,5,5,4454.93858541749
1093,3010,6,6,3521.29358584148
1094,3011,5,5,1089.4468458404
1095,3187,5,5,4123.71748514058
1096,3188,4,4,5568.12420069337
1097,3188,5,5,24453.4086578593
1098,3189,5,5,5868.6013757325
1099,3366,5,5,7514.52450880572
1100,3367,6,6,3526.40240164511
1101,3368,4,4,9401.90259089132
1102,3368,5,5,1457.90766988039
1103,3368,40,40,4691.62318815934
1104,3368,50,50,1024.44190840861
1105,3370,6,6,1676.16234524839
1106,3371,6,6,6408.59407776516
1107,3374,6,6,10514.967973796
1108,3380,4,4,2478.09937084977
1109,3381,4,4,3065.33729718241
1110,3382,5,5,2117.17891358259
1111,3384,6,6,4687.06896869654
1112,2872,5,5,16914.8727999766
1113,2873,5,5,2912.32485328942
1114,2875,4,4,2552.45666511101
1115,2875,5,5,5110.15000306316
1116,2877,5,5,5243.74577182852
1117,2878,4,4,7720.72628459516
1118,2878,5,5,5955.0500737266
1119,2878,40,40,1346.50288492584
1120,2879,7,7,3477.42141022439
1121,2880,4,4,4174.00045507282
1122,2880,5,5,3353.39227003267
1123,3012,5,5,4163.71748862723
1124,3014,4,4,964.349632038348
1125,3014,5,5,2474.00799450924
1126,3015,4,4,8399.60244372445
1127,3017,6,6,777.411854487774
1128,3020,4,4,8027.88274666761
1129,3022,4,4,1738.91024414303
1130,3024,6,6,2135.08328215263
1131,3026,5,5,3076.48049325343
1132,3029,4,4,386.052305271165
1133,3030,4,4,1722.16603066219
1134,3030,5,5,772.992632650667
1135,3190,4,4,19758.7986591983
1136,3190,5,5,5005.75700456884
1137,3191,4,4,331.147493075197
1138,3192,20,20,15836.6407875754
1139,3193,4,4,11284.7074709033
1140,3195,5,5,1486.13928122914
1141,3468,5,5,11004.9377734772
1142,3469,5,5,14812.4738764277
1143,3470,6,6,2232.768238681
1144,3476,6,6,7870.6070948673
1145,3478,5,5,4369.58881480147
1146,3480,6,6,2591.4191512647
1147,3483,6,6,3653.40593422911
1148,9015,999,999,87341.0109047563
1149,9080,1,1,8283.99359559799
1150,2881,4,4,17219.8393507966
1151,2881,5,5,9969.76049087672
1152,2882,5,5,4160.00753736165
1153,2883,5,5,3489.43611876993
1154,2883,50,50,15724.3485174828
1155,2884,6,6,1490.87337935991
1156,2885,6,6,2127.68046588331
1157,2886,5,5,2607.87150070805
1158,2886,6,6,3540.91991292447
1159,2886,6,60,398.089141624188
1160,2886,7,7,2242.37219586648
1161,2887,5,5,2349.19885055965
1162,2888,5,5,2831.50255409815
1163,2888,6,6,2126.89344259067
1164,3031,5,5,7021.9341348707
1165,3032,5,5,2716.1844458481
1166,3033,5,5,1479.53058689483
1167,3034,4,4,1172.52783347392
1168,3034,5,5,2153.47741108552
1169,3035,5,5,5922.15518062232
1170,3035,50,50,977.542333998849
1171,3037,6,6,2286.82447926264
1172,3038,6,6,4036.12197200243
1173,3196,3,3,16883.0459947916
1174,3197,6,6,9872.28985839669
1175,3198,4,4,1645.20172056815
1176,3198,5,5,2028.60330109853
1177,3199,5,5,1204.98721265176
1178,3200,5,5,15355.0747260873
1179,3201,40,40,5828.95791463195
1180,3202,6,6,98013.6125165098
1181,3203,5,5,505.299359172795
1182,3203,50,50,1084.13000598782
1183,3410,7,7,4934.93219580179
1184,3412,6,6,4641.14460766189
1185,3414,4,4,934.637063604075
1186,3416,4,4,3415.13304946606
1187,3418,4,4,2258.25276247338
1188,3424,6,6,3396.69216268592
1189,3426,6,6,1432.09204070618
1190,3430,5,5,3341.25175623977
1191,3432,5,5,4686.60714139435
1192,3434,5,5,2060.07616073901
1193,3436,6,6,3405.88442153402
1194,3436,60,60,252.391114733145
1195,3437,5,5,257.145933709844
1196,3437,6,6,2672.28560292706
1197,2889,4,4,2797.50313648818
1198,2889,6,6,4467.39635845216
1199,2890,5,5,3394.97984737409
1200,2891,6,6,2424.9573719524
1201,2893,6,6,7162.35524394044
1202,2894,5,5,4788.41512198001
1203,2895,4,4,10861.7855092269
1204,2896,5,5,5055.96901511786
1205,2897,5,5,6108.39278463565
1206,2897,6,6,2999.63778290368
1207,2899,4,4,5150.29448054299
1208,3039,6,6,5977.56482896693
1209,3040,4,4,9053.14783502214
1210,3041,6,6,3410.7334369151
1211,3042,4,4,4918.3536976857
1212,3042,5,5,1155.74660698999
1213,3044,5,5,2083.41994213618
1214,3050,5,5,1345.42228891494
1215,3050,6,6,2075.61179414398
1216,3054,6,6,1184.26415863185
1217,3056,5,5,2751.57162425542
1218,3056,6,6,1709.55567823135
1219,3058,5,5,957.829401555672
1220,3204,4,4,11315.6103089603
1221,3205,5,5,5353.43759995053
1222,3206,6,6,12778.1927806754
1223,3207,6,6,1819.37515021372
1224,3456,4,4,1795.61299416115
1225,3456,5,5,1784.4319985438
1226,3456,50,50,846.086222973521
1227,3457,6,6,2866.43074061326
1228,3458,4,4,7746.5753054563
1229,3459,6,6,2297.51175696834
1230,3460,5,5,6524.27365899832
1231,3462,5,5,20371.9661262415
1232,3462,50,50,1832.51492903176
1233,3464,5,5,2896.03360676382
1234,3465,6,6,2166.7491924952
1235,3466,5,5,3057.57578534993
1236,2899,5,5,6070.13383635202
1237,2900,6,6,6839.28578103706
1238,2900,7,7,1052.52078037969
1239,2901,6,6,2577.76236623986
1240,2902,5,5,5935.2301074234
1241,2903,6,6,1934.83401678589
1242,2906,5,5,3837.92959070237
1243,2906,50,50,3138.90748873695
1244,2907,6,6,2671.948125885
1245,3059,6,6,3077.99845278092
1246,3060,6,6,1913.68982212602
1247,3061,6,6,3458.98697347335
1248,3062,5,5,2581.45081621926
1249,3062,6,6,889.669331196603
1250,3063,6,6,2447.33976712665
1251,3064,6,6,1503.69973647006
1252,3065,5,5,1143.1631159035
1253,3067,6,6,2456.67839036216
1254,3069,6,6,3835.31548938802
1255,3070,6,6,612.714313595786
1256,3070,7,7,474.448392093927
1257,3071,6,6,5137.0633152813
1258,3080,4,4,2647.79373616613
1259,3082,6,5,1633.56741968252
1260,3082,6,6,799.237379133579
1261,3208,6,6,43727.3729700618
1262,3209,6,6,25139.6929272039
1263,3386,6,6,1553.59674722815
1264,3390,50,50,11569.9637105858
1265,3392,6,6,1572.8130866727
1266,3394,6,6,2176.89685712061
1267,3398,6,6,1229.34974300914
1268,3400,5,5,3411.81535535745
1269,3400,6,6,1222.01406473301
1270,3402,5,5,2465.92192581302
1271,3404,4,4,11662.4076552677
1272,3404,5,5,2838.99727576801
1273,3404,40,40,554.481445151075
1274,3404,50,50,3434.24294292279
1275,3406,5,5,1850.47399487026
1276,3408,7,7,4929.06222821477
1277,2909,6,6,1762.25934298492
1278,2911,6,6,1685.04271606765
1279,2911,60,60,698.016258104386
1280,2913,6,6,1832.66660584893
1281,2913,60,60,663.756193746008
1282,2915,6,6,6116.41318646415
1283,2916,4,4,544.367596042802
1284,2916,40,40,771.036550701842
1285,2917,60,60,2452.69016158375
1286,2918,5,5,13568.4456474255
1287,2919,40,40,3629.21931289599
1288,2920,4,4,19339.6727205066
1289,2922,5,5,3731.34722496126
1290,2922,50,50,318.472594841344
1291,2923,6,6,1248.3637124545
1292,3084,5,5,6145.21435923071
1293,3086,6,6,1619.42278812762
1294,3088,6,6,802.471773823292
1295,3090,6,6,1065.42619201334
1296,3100,4,4,11531.8839458544
1297,3100,5,5,85804.2234896947
1298,3101,6,6,2045.24332545179
1299,3103,6,6,3369.73160146787
1300,3104,5,5,1052.17739734432
1301,3104,6,6,8709.6114466977
1302,3105,5,5,505.627951292193
1303,3105,50,50,1624.92106279293
1304,3210,6,6,18442.3072583283
1305,3211,5,5,2818.38481722115
1306,3211,50,50,740.902660846024
1307,3212,6,6,1955.11578563965
1308,3213,5,5,1077.39717971295
1309,3214,5,5,39167.9516449783
1310,3438,5,5,10696.6380377203
1311,3438,50,50,1382.2379717898
1312,3440,5,5,13711.7324946051
1313,3442,5,5,12347.7321383031
1314,3444,5,5,4788.01023123775
1315,3446,5,5,4034.96905536681
1316,3448,4,4,1097.42539207361
1317,3450,5,5,2303.13175177748
1318,3451,6,6,1862.57425487646
1319,3452,5,5,3616.48679461263
1320,3453,5,5,1596.87010761426
1321,3454,6,6,2176.0322203773
1322,3455,5,5,3841.38816820178
1323,2924,5,5,4479.85044236045
1324,2925,5,5,3826.91909567899
1325,2926,6,5,2169.93216235354
1326,2926,6,6,1152.04392161849
1327,2927,6,6,2167.82227897367
1328,2928,6,6,3488.70252838014
1329,2929,6,6,6007.15036277541
1330,2930,6,6,1602.14082379579
1331,2931,5,5,3240.72774277198
1332,2931,6,6,1654.80450910086
1333,2932,5,5,4704.4742474479
1334,2932,6,6,4904.66999317031
1335,3106,5,5,7713.0606816807
1336,3107,50,50,2237.87898080543
1337,3108,6,6,28096.0344831769
1338,3111,5,5,512.469666377013
1339,3111,50,50,1884.152394447
1340,3112,5,5,2954.59360019674
1341,3112,6,6,2087.27963958636
1342,3112,50,50,1427.99418748748
1343,3113,4,4,4243.68678000916
1344,3113,5,5,4983.62170773001
1345,3114,5,5,5671.02019892085
1346,3114,6,6,4181.46038393773
1347,3114,50,50,728.059446825547
1348,3116,5,5,7743.26437715536
1349,3216,6,6,36996.6482322451
1350,3217,4,4,17956.0307277713
1351,2752,5,5,17074.6352955083
1352,2752,7,7,6428.61551495033
1353,2754,4,4,3161.3061138663
1354,2756,6,6,3653.88781481439
1355,2758,6,6,8793.95937020606
1356,2760,6,6,10468.4394285318
1357,2762,5,5,30181.2332443613
1358,2763,6,6,52818.1121519538
1359,2933,6,6,6443.96099474662
1360,2933,60,60,1666.66216900944
1361,2935,6,6,3583.37393393858
1362,2936,5,5,1066.14835384931
1363,2936,6,6,1332.65660022876
1364,2936,60,60,381.212707823641
1365,2937,6,6,6075.88047450022
1366,2937,60,60,4692.60099350349
1367,2938,6,6,2880.05105059652
1368,2938,7,7,525.396947283279
1369,2939,4,4,554.97181339739
1370,2939,5,5,6012.02117149847
1371,2940,5,5,1807.73940637066
1372,3117,4,4,1992.32916365936
1373,3118,4,4,4717.40666889663
1374,3118,5,5,8798.86658868084
1375,3119,5,5,1073.47670656436
1376,3121,4,4,944.669858715395
1377,3121,40,40,2268.12594281224
1378,3122,5,5,4864.75113489248
1379,3123,5,5,5026.53103037168
1380,3123,50,50,550.710615524325
1381,3125,5,5,1402.77113334882
1382,3126,5,5,8426.12527537011
1383,3127,4,4,1386.16915685769
1384,3127,5,5,752.773804860809
1385,3127,50,50,843.472331063655
1386,3128,6,6,3642.44449976362
1387,3129,5,5,3656.55716815469
1388,3218,6,6,21713.0593606905
1389,3219,6,6,3047.88708091847
1390,3219,60,60,1012.77693777096
1391,3220,5,5,10277.4182084213
1392,3220,7,7,1493.47354531144
1393,3221,6,6,1998.04411620192
1394,2764,5,5,8180.89707980069
1395,2764,7,7,12686.6351002499
1396,2765,6,6,112276.445742048
1397,2774,6,6,21124.4987870721
1398,2776,5,5,26641.7648388276
1399,2941,4,4,2211.84380932875
1400,2943,5,5,5043.55762627195
1401,2944,5,5,1683.45635165809
1402,2944,6,6,711.015157715511
1403,2945,6,6,6997.73691789719
1404,2946,4,4,13573.0954140618
1405,2947,5,5,2877.30657072873
1406,3129,50,50,7324.25538344167
1407,3130,4,4,6293.10259555724
1408,3130,5,5,2887.88169054662
1409,3131,5,5,7993.47223597654
1410,3132,6,6,15814.2915245698
1411,3133,5,5,1915.95260730034
1412,3134,4,4,2464.5680263574
1413,3222,7,7,19129.3360128275
1414,3223,5,5,2567.54357023329
1415,3224,3,3,24470.3403088508
1416,3225,6,6,3375.24301736725
1417,2778,6,6,36425.8987663686
1418,2780,6,6,21964.9905117112
1419,2781,7,7,18507.3247161656
1420,2782,7,7,6847.25188729842
1421,2783,6,6,3228.61499620271
1422,2784,7,7,59871.4776873235
1423,2786,6,6,10689.8107682608
1424,2787,6,6,4221.34833230963
1425,2947,50,50,5390.99289018034
1426,2949,6,6,9787.21271295156
1427,2949,60,60,265.955797088172
1428,2950,6,6,6032.51146669518
1429,2951,6,6,1559.60830291453
1430,2953,5,5,1566.85652217336
1431,2954,4,4,3909.07549766112
1432,2954,5,5,2404.28656736269
1433,2954,6,6,1211.5905069797
1434,2955,6,6,4838.57083311023
1435,3135,6,6,2452.84734538
1436,3136,6,6,4288.32215049706
1437,3137,40,40,10661.5278034653
1438,3140,5,5,33337.5629439384
1439,3141,4,4,254.927180784327
1440,3141,5,5,2173.508665252
1441,3142,4,4,7616.52617994417
1442,3143,5,5,3949.89469477401
1443,3144,5,5,669.270739784273
1444,3226,6,6,18797.9187199796
1445,3227,6,6,2528.73782911191
1446,3228,6,6,2235.68433307496
1447,3229,6,6,4539.98178545064
1448,3230,6,6,2951.05154017373
1449,3230,60,60,434.228237621771
1450,3231,4,4,4372.12064377066
1451,3231,40,40,119.810977085016
1452,2788,5,5,2537.65866779468
1453,2789,5,5,3195.85379455475
1454,2789,6,6,8132.38664038827
1455,2789,7,7,2661.79606214798
1456,2790,5,5,3769.81487419967
1457,2791,6,6,1068.51796911252
1458,2792,5,5,6393.21229202221
1459,2794,4,4,5701.61534134485
1460,2795,5,5,6417.90328061692
1461,2795,6,6,6406.75495361463
1462,2796,6,6,4261.13625781074
1463,2797,5,5,1933.32141549493
1464,2798,5,5,1262.32033319355
1465,2800,4,4,1073.24201548802
1466,2800,5,5,2127.06743275289
1467,2800,6,6,5356.94595617823
1468,2801,7,7,2224.05344336672
1469,2802,5,5,2568.02727202094
1470,2956,6,6,1933.38540555728
1471,2957,6,6,5612.23301578287
1472,2958,5,5,5622.45052481677
1473,2959,6,6,3212.03014248728
1474,2960,3,3,4351.13112779587
1475,2960,4,4,5358.37375578983
1476,2961,5,5,2497.65280884613
1477,2962,6,6,3769.69800928758
1478,2963,6,6,2772.34476719444
1479,2964,5,5,6419.7656878985
1480,2964,6,6,669.414042236247
1481,3145,6,6,4546.14588739449
1482,3146,5,5,3923.44601252723
1483,3147,6,6,1394.79672860487
1484,3148,4,4,2927.80321125979
1485,3148,5,5,2879.2964590004
1486,3148,6,6,1405.96842032933
1487,3149,5,5,3053.12077874397
1488,3149,50,50,2072.7617981623
1489,3151,5,5,2203.34519183037
1490,3152,4,4,1717.7144865624
1491,3152,5,5,2856.47370831422
1492,3232,5,5,914.376850896134
1493,3233,6,6,4411.14746641432
1494,3234,6,6,1843.37064782157
1495,3235,6,6,1445.09068448416
1496,3236,6,6,538.820950487293
1497,3237,6,6,1469.22591933223
1498,3237,6,60,155.677995842422
1499,3237,60,60,4795.47306730559
1500,3238,6,6,3549.09783551704
1501,3240,5,5,513.701280844885
1502,3240,6,6,4305.81392645308
1503,3241,6,6,2507.59767875804
1504,3242,6,6,2835.8860202577
1505,3242,60,60,532.261937449637
1506,2804,4,4,7396.75557791091
1507,2804,6,6,69749.9390875495
1508,2805,6,6,5582.6873857777
1509,2806,7,7,5119.50014188178
1510,2807,6,6,1054.06287965228
1511,2808,6,6,2141.54373997793
1512,2808,7,7,473.672018912817
1513,2810,5,5,9880.0393029646
1514,2812,6,6,5414.54626224663
1515,2820,6,6,32399.8428485454
1516,2821,6,6,4168.24028133623
1517,2822,5,5,22833.9557128145
1518,2823,6,6,6303.40630386144
1519,2824,6,6,13523.6437756159
1520,2965,5,5,5679.8728708849
1521,2966,5,5,13518.6571840743
1522,2967,6,6,4325.16896355843
1523,2968,5,5,5329.04054024755
1524,2969,6,6,3387.44837690735
1525,2970,6,6,1077.23071259348
1526,2971,6,6,2305.58645730933
1527,2972,5,5,3179.70374225316
1528,2972,6,6,1052.33945322249
1529,2973,40,40,1703.07166330449
1530,3152,6,6,3204.42803024552
1531,3153,4,4,2944.78611016876
1532,3153,40,40,4869.38321296971
1533,3154,3,3,425.517505033936
1534,3154,4,4,11609.3548345667
1535,3154,5,5,9256.03304747983
1536,3155,5,5,2234.37012791551
1537,3156,7,7,851.376571298677
1538,3157,4,4,1744.70147157982
1539,3157,40,40,3418.69166496472
1540,3243,6,6,5739.43654292138
1541,3244,5,5,1551.51553924574
1542,3250,7,7,79436.3228409205
1543,3252,7,7,61425.5245781779
1544,3253,6,6,6915.53126027289
1545,3254,6,6,6068.96640960243
1546,3254,7,7,1641.57141420536
1547,3255,5,5,6736.20263318961
1548,3256,6,6,7148.0324393636
1549,3258,6,6,10645.9132390743
1550,2825,5,5,4075.77040246757
1551,2826,6,6,9130.76706373004
1552,2829,5,5,1390.91416443262
1553,2830,5,5,8302.39505441235
1554,2831,6,6,10253.1144515814
1555,2832,5,5,2944.20156531755
1556,2833,6,6,2236.82864710239
1557,2834,50,50,5906.63092556895
1558,2835,6,6,1572.6640606964
1559,2835,60,60,488.33373472017
1560,2974,4,4,3376.21910931727
1561,2974,5,5,6679.58820827404
1562,2975,5,5,6203.04155866286
1563,2975,50,50,1297.8197002266
1564,2976,6,6,2867.20019567293
1565,2977,6,6,3239.49506616642
1566,2978,4,4,2461.37623823271
1567,2979,6,6,4165.6608095212
1568,2979,60,60,1217.48762834981
1569,2980,5,5,2169.40068334233
1570,3158,4,4,14004.8209133287
1571,3159,4,4,4944.03599695244
1572,3159,5,5,3173.8603147541
1573,3160,4,5,1888.82578343413
1574,3161,5,5,2316.07107177618
1575,3162,4,4,4170.05089782953
1576,3163,7,7,1813.6093706229
1577,3164,5,5,8301.114197846
1578,3260,6,6,7621.63917020873
1579,3262,5,5,16669.9436137615
1580,3264,6,6,8778.47179116366
1581,3266,7,7,18050.2127043716
1582,3268,5,5,27079.0925156755
1583,3270,5,5,11910.432279577
1584,3271,5,5,4727.70695021178
1585,3300,6,6,34027.3567910698
1586,3306,5,5,14989.3860885388
1587,2837,5,5,2290.16624734787
1588,2839,6,6,3162.3963536572
1589,2841,6,6,1966.11888571776
1590,2843,6,6,2278.69962239432
1591,2844,6,6,1068.5099203928
1592,2845,5,5,4856.16734831768
1593,2845,50,50,939.68183879619
1594,2846,3,3,36.6543775751376
1595,2846,4,4,5201.29476949075
1596,2847,40,40,15023.8730850138
1597,2848,4,4,3126.97285973116
1598,2848,6,6,2834.93739004631
1599,2848,40,60,459.853546084216
1600,2849,4,4,4505.66781636313
1601,2068,4,4,23425.7458472918
1602,2071,4,4,6605.67588110665
1603,2071,40,40,3798.2969846085
1604,2072,5,5,4434.23525628845
1605,2073,5,5,1925.67314117545
1606,2635,6,6,6090.97247230737
1607,2636,5,5,1741.66449834094
1608,2636,6,6,4126.63936039395
1609,2637,5,5,780.810262861373
1610,2638,5,5,6094.1357306814
1611,2638,6,6,881.24174771527
1612,2128,4,4,8929.12026967367
1613,2128,5,5,8982.28662962114
1614,2129,6,6,2189.4433704407
1615,2130,4,4,2712.74681085448
1616,2130,5,5,1142.37598665215
1617,2131,6,6,1136.16732735696
1618,2133,6,6,1992.86002423367
1619,2135,5,5,3138.93439470838
1620,2136,5,5,1340.91557652087
1621,2138,5,5,1858.51117836554
1622,2139,60,60,340.441269730602
1623,2322,5,5,9644.0593400173
1624,2324,4,4,1610.19583372623
1625,2326,4,4,736.42580194947
1626,2326,5,5,4451.57173228387
1627,2328,4,4,5259.45817038178
1628,2328,5,5,313.25716730477
1629,2330,4,4,7925.4984761981
1630,2330,5,5,3732.54168788911
1631,2332,5,5,2150.36372179432
1632,2336,5,5,1242.42986226031
1633,2338,5,5,8439.14061294571
1634,2340,5,5,4756.29502749365
1635,2342,5,5,396.101454344393
1636,2344,5,5,1847.47013603489
1637,2479,6,6,10178.2536080391
1638,2480,6,6,4572.15655892013
1639,2481,6,6,7089.93650940656
1640,2482,5,5,5533.89188051923
1641,2484,7,7,5974.50429039494
1642,2486,5,5,2611.8276051007
1643,2488,5,5,7176.35159794747
1644,2490,7,7,26869.2562550482
1645,2491,5,5,12725.026796294
1646,2640,6,6,78783.3881488543
1647,2642,6,6,9250.30126096167
1648,2644,6,6,28713.8108835628
1649,2646,6,6,7605.54166423829
1650,2648,7,7,9926.27719760898
1651,2140,5,5,9085.4592979544
1652,2141,6,6,2119.86004314472
1653,2142,5,5,8310.50014842115
1654,2143,5,5,671.465411213668
1655,2143,50,50,453.104891724172
1656,2144,4,4,4485.36077013397
1657,2145,6,6,2128.65578798644
1658,2146,5,5,1324.70677256944
1659,2146,50,50,139.888172308219
1660,2147,6,6,2125.8407028092
1661,2148,5,5,15220.2949403076
1662,2149,4,4,2497.09529043117
1663,2346,5,5,1844.67564983681
1664,2350,5,5,2239.43686050551
1665,2354,4,4,3990.53207477237
1666,2354,5,5,2657.34349408778
1667,2355,5,5,2114.65102158952
1668,2356,4,4,1266.44575561977
1669,2358,5,5,748.57670411455
1670,2361,5,5,3516.38218131137
1671,2363,5,5,251.765830843716
1672,2363,7,7,297.500845215252
1673,2364,5,5,1910.87883457095
1674,2365,5,5,3183.57660160002
1675,2367,4,4,916.224960902518
1676,2367,7,7,744.846914292407
1677,2370,7,7,5312.93178540052
1678,2372,5,5,719.725030782881
1679,2374,4,4,2416.63638532186
1680,2374,7,7,4985.96027822807
1681,2374,40,40,1447.03686175294
1682,2378,5,5,2486.48827085765
1683,2492,6,6,9024.22116013017
1684,2492,7,7,14664.7022820156
1685,2493,6,6,31254.6030414352
1686,2494,6,6,60013.5208026137
1687,2495,6,6,58998.3160057461
1688,2496,5,5,60531.0945569832
1689,2498,5,5,28954.9110702102
1690,2499,6,6,1644.39669496717
1691,2500,6,6,37871.1514064608
1692,2501,6,6,1263.85359844924
1693,2502,6,6,8113.3725450954
1694,2503,5,5,7389.49089647594
1695,2504,5,5,4412.53684357896
1696,2506,5,5,89665.4926446926
1697,2508,6,6,7749.23977580243
1698,2508,7,7,17194.2097092715
1699,2650,5,5,38183.5156319636
1700,2650,7,7,2011.96344341385
1701,2651,5,5,6036.32536284483
1702,2652,6,6,32241.4643246542
1703,2653,5,5,1124.38513399711
1704,2653,6,6,7490.60121567135
1705,2654,7,7,6597.256700715
1706,2655,5,5,1619.74800579127
1707,2657,6,6,7651.51876825291
1708,2657,60,60,483.341813250258
1709,2659,5,5,14384.7888620228
1710,2149,40,40,1545.71259217577
1711,2150,4,4,3844.34518029346
1712,2151,5,5,5333.47753076931
1713,2152,30,30,21502.0199421996
1714,2153,4,4,1810.4491930084
1715,2153,5,5,7918.75711594456
1716,2153,50,50,2638.70068048023
1717,2154,5,5,4648.49024876395
1718,2154,7,7,4049.09008059577
1719,2155,6,6,3202.87026871847
1720,2380,5,5,1609.60913161487
1721,2386,5,5,3423.13120564476
1722,2388,5,5,2150.15097424412
1723,2390,5,5,637.640403489482
1724,2404,5,5,22683.5158317273
1725,2404,7,7,38591.9519377615
1726,2406,6,6,55059.861318645
1727,2409,5,5,232.273721987718
1728,2410,5,5,40420.3533863999
1729,2412,6,6,3865.90580614119
1730,2509,5,5,6338.80466379354
1731,2510,6,6,3892.98088036205
1732,2511,5,5,2926.410441721
1733,2512,7,7,27369.9481831848
1734,2513,6,6,12200.2282454332
1735,2514,6,6,27266.2050194906
1736,2524,5,5,12031.5284652101
1737,2525,6,6,16843.861342341
1738,2527,5,5,742.986467337209
1739,2527,6,6,5699.67271919964
1740,2661,6,6,4966.41017661557
1741,2662,7,7,13316.3840739957
1742,2663,7,7,1100.29362731848
1743,2665,4,4,5777.14169820824
1744,2665,6,6,322.470011765346
1745,2666,6,6,36325.49420172
1746,2667,6,6,3575.12183806533
1747,2669,6,6,1335.97408970906
1748,2670,6,6,263171.818881998
1749,2156,4,4,16786.1028723357
1750,2156,5,5,10284.0748931211
1751,2156,50,50,1997.87434327321
1752,2157,6,6,4276.90806984144
1753,2158,5,5,2573.36860510346
1754,2412,7,7,6774.69114387518
1755,2414,5,5,25485.6663351031
1756,2415,6,6,35435.4888900457
1757,2416,5,5,41118.8134129627
1758,2416,6,6,39956.0135245481
1759,2417,7,7,17090.7040258419
1760,2528,5,5,19145.0954225979
1761,2530,6,6,22060.9188325522
1762,2532,6,6,12983.5171042501
1763,2533,5,5,1564.78430661997
1764,2534,6,6,5694.57914131915
1765,2535,5,5,1395.91729925212
1766,2535,50,50,1639.14941255396
1767,2536,5,5,15784.1868814729
1768,2537,6,6,1479.42583137849
1769,2685,6,6,3507.24703921773
1770,2686,5,5,4251.32238733095
1771,2687,6,6,1513.10436994294
1772,2687,60,60,840.776375899774
1773,2688,4,4,2750.84538353478
1774,2688,5,5,3083.20085108986
1775,2688,6,6,29255.1307188578
1776,2690,5,5,2802.02555214895
1777,2690,6,6,1753.75095828334
1778,2690,7,7,455.231364048901
1779,2692,4,4,6063.44703805647
1780,2692,5,5,9907.63863719956
1781,2692,50,50,852.501295277807
1782,2694,5,5,12684.250401054
1783,2695,4,4,2650.70811343121
1784,2696,5,5,1893.36126527235
1785,2697,5,5,746.282297568441
1786,2697,50,50,3010.01838135699
1787,2698,5,5,14475.2921091327
1788,2699,6,6,635.445060738561
1789,2700,5,5,7008.50900861558
1790,2701,5,5,2133.24228273554
1791,2159,4,4,4418.96619766424
1792,2159,40,40,4647.27834281047
1793,2160,5,5,9602.79654456068
1794,2161,3,3,6840.81453570803
1795,2161,4,4,2176.78311549666
1796,2162,4,4,5881.18717218485
1797,2163,6,6,1657.17806576222
1798,2164,5,5,11711.7837314801
1799,2165,5,5,4259.63870630631
1800,2165,50,50,1021.98188328995
1801,2166,5,5,1082.62663757887
1802,2167,5,5,2167.54929395439
1803,2168,5,5,7412.08587071643
1804,2169,5,5,2171.69906863943
1805,2419,6,6,16169.7820238641
1806,2420,6,6,21838.1839278201
1807,2421,6,6,32483.16557242
1808,2422,5,5,19058.4762678756
1809,2424,6,6,16727.8304828864
1810,2426,6,6,87266.0236228217
1811,2427,6,6,19841.5287713935
1812,2428,6,6,117693.422075715
1813,2430,5,5,85822.4428611949
1814,2432,5,5,37800.691536387
1815,2434,6,6,9983.60395240488
1816,2438,6,6,18079.1611800312
1817,2538,6,6,5754.04348940162
1818,2540,6,6,12759.2749549645
1819,2541,6,6,2316.34008446744
1820,2542,6,6,4360.34506384073
1821,2543,6,6,2341.32820464443
1822,2544,6,6,11269.5147978549
1823,2546,6,6,6430.19309482842
1824,2715,6,6,1722.86316121666
1825,2726,7,7,37368.3462133192
1826,2728,6,6,59289.5356146964
1827,2730,6,6,14964.957235844
1828,2730,60,60,2088.89754420484
1829,2732,7,7,4230.50843002409
1830,2734,5,5,25404.6942903079
1831,2169,50,50,2074.06223125123
1832,2171,50,50,1548.94736911918
1833,2172,4,4,33071.7524504689
1834,2173,5,5,4725.13332363302
1835,2174,5,5,1845.3540350473
1836,2175,6,6,3208.23465412969
1837,2176,5,5,7199.05660711668
1838,2177,6,6,2009.10372773504
1839,2440,6,6,15417.524772027
1840,2444,5,5,39173.012435786
1841,2446,6,6,45051.701425831
1842,2447,6,6,18152.3381929449
1843,2448,5,5,28138.9245500988
1844,2547,6,6,710.330173390253
1845,2548,5,5,2910.40603647483
1846,2548,6,6,10559.9828615708
1847,2549,5,5,2887.70346876958
1848,2550,5,5,4085.26725522646
1849,2551,5,5,2384.75031271462
1850,2551,6,6,3411.4159896348
1851,2552,6,6,1777.36565649061
1852,2553,6,6,1438.21448543611
1853,2554,5,5,71186.8288523491
1854,2556,5,5,2871.11292205317
1855,2557,6,6,2286.98278369862
1856,2558,6,6,5578.80849855437
1857,2671,6,6,5125.34282363304
1858,2671,60,60,1324.40917831243
1859,2672,6,6,20559.31154774
1860,2673,7,7,3574.78528414755
1861,2675,5,5,4190.91458494979
1862,2675,6,6,3227.08661368092
1863,2676,5,5,4888.14187160295
1864,2677,6,6,778.207683693081
1865,2678,5,5,1756.03324120483
1866,2679,6,6,2926.0105108134
1867,2680,5,5,1252.10441033665
1868,2680,7,7,1022.64544645963
1869,2681,6,6,3028.39899387506
1870,2682,5,5,5566.79817930696
1871,2683,4,4,1426.74667817876
1872,2683,5,5,1173.64947791227
1873,2683,50,50,747.002961999887
1874,2684,6,6,1875.72531420683
1875,2178,5,5,13952.6073219724
1876,2179,6,6,2508.72367771699
1877,2180,5,5,15225.2352677635
1878,2181,6,6,1416.4473563028
1879,2182,6,6,2272.04394187914
1880,2182,7,7,2272.04394187914
1881,2183,6,6,1923.14624863883
1882,2450,6,6,25378.6240405353
1883,2454,6,6,34201.4541364455
1884,2456,6,6,33021.8267856418
1885,2457,6,6,14416.5333902392
1886,2459,6,6,21124.8439240552
1887,2559,5,5,4501.44229923845
1888,2560,6,6,7489.05627885427
1889,2562,6,6,10392.2824714658
1890,2563,5,5,1639.81828441768
1891,2564,5,5,42058.7559561089
1892,2702,5,5,1225.76123861608
1893,2702,6,6,4591.15469242299
1894,2704,6,6,2113.85914750568
1895,2705,20,20,28202.5112908803
1896,2706,7,7,1353.88911750639
1897,2707,7,7,2091.35900956186
1898,2708,5,5,6588.49619055932
1899,2712,7,7,2104.76965560006
1900,2713,5,5,4319.86118687365
1901,2714,5,5,1093.75080118357
1902,2184,6,6,2858.27517941138
1903,2185,5,5,174.342692942649
1904,2185,6,6,2946.02529394756
1905,2186,4,4,11559.2343145798
1906,2187,5,5,3138.87412419344
1907,2188,5,5,1793.1604295848
1908,2189,5,5,2143.69840043952
1909,2190,5,5,10770.1277502906
1910,2191,5,5,1166.15123010543
1911,2192,6,6,19568.8509742973
1912,2193,5,5,3425.81933468
1913,2460,6,6,9977.57097409829
1914,2462,6,6,603.748612832943
1915,2464,4,4,23730.3359094031
1916,2470,6,6,5239.53813977298
1917,2472,6,6,10401.4593526768
1918,2472,7,7,7322.49709493918
1919,2473,5,5,5842.82385951209
1920,2474,6,6,14980.8574617951
1921,2475,6,6,29545.5244307628
1922,2477,5,5,1286.9347545655
1923,2477,6,6,1042.26585523307
1924,2478,5,5,20414.3530809561
1925,2565,5,5,3497.56414017702
1926,2566,6,6,58963.8226187879
1927,2567,50,50,1414.09101456725
1928,2568,7,7,53072.8328053492
1929,2569,5,5,1404.37217196054
1930,2570,4,4,5499.51776747967
1931,2580,5,5,449.962467285679
1932,2580,7,7,863.516382063897
1933,2581,5,5,10456.0734681427
1934,2582,4,4,1057.75483865529
1935,2582,5,5,3287.25832653396
1936,2583,5,5,910.649194892664
1937,2584,6,6,8625.95501841438
1938,2736,7,7,29612.1392484786
1939,2738,6,6,10906.2282773226
1940,2740,6,6,9256.43573997997
1941,2742,7,7,8774.46765001771
1942,2744,7,7,84841.9404582461
1943,2746,5,5,4748.66485670194
1944,2746,6,6,10645.241194716
1945,2748,6,6,6324.17599200094
1946,2750,5,5,15647.520285269
1947,2194,5,5,3882.40345794028
1948,2194,6,6,2743.07197994374
1949,2195,5,5,6027.92651812294
1950,2196,5,5,1004.51148339869
1951,2197,6,6,2930.98204352586
1952,2199,5,5,4915.28016656873
1953,2200,6,6,1065.8025797117
1954,2200,60,6,1067.87208112681
1955,2201,6,6,2890.83123689259
1956,2202,6,6,3349.82345666442
1957,2203,5,5,1580.08289509956
1958,2002,7,7,3375.24716248259
1959,2004,6,6,4298.74289314786
1960,2006,6,6,5541.50866372642
1961,2010,6,6,22327.4716330552
1962,2012,7,7,9096.08856075313
1963,2014,6,6,21216.6041018282
1964,2016,6,6,7665.80339356447
1965,2585,5,5,2832.9711709401
1966,2586,4,4,14735.0789107716
1967,2587,5,5,229.841672627702
1968,2588,6,6,6828.34736811947
1969,2589,5,5,227.112562948879
1970,2590,6,6,9442.91955061202
1971,2591,5,5,1173.79965540031
1972,2074,5,5,11850.8378925319
1973,2076,4,4,16278.7184140256
1974,2077,6,6,2369.26086532527
1975,2078,3,3,586.301042085486
1976,2078,4,4,5285.63697123555
1977,2078,5,5,1050.72932041735
1978,2079,6,6,3758.57161693275
1979,2204,5,5,7098.55076121631
1980,2205,5,5,3585.81471337759
1981,2207,6,6,2233.25074148247
1982,2208,6,6,2084.5470640589
1983,2209,5,5,2007.51639626973
1984,2210,6,6,1528.70820291522
1985,2211,4,4,1575.22014048263
1986,2213,4,4,3502.57465201451
1987,2214,6,6,1871.54224809655
1988,2216,6,6,6558.35391589663
1989,2218,4,4,4936.15738121537
1990,2018,7,7,22800.0109600343
1991,2020,7,7,16684.0299750346
1992,2022,5,5,28407.9379612444
1993,2024,5,5,1688.84027613056
1994,2024,50,50,2384.31433032688
1995,2030,3,3,2358.00688166311
1996,2592,6,6,9278.09179738661
1997,2593,5,5,981.489451265417
1998,2594,6,6,7392.04911642613
1999,2596,5,5,24901.0738059504
2000,2597,5,5,880.467727908217
2001,2598,5,5,7436.2897357607
2002,2080,4,4,9908.7099267407
2003,2080,5,5,10603.7512263328
2004,2081,6,6,1067.72977997839
2005,2082,3,3,20448.8608298931
2006,2082,30,30,6134.19100154289
2007,2083,5,5,3336.4672597271
2008,2220,6,6,4004.61031291992
2009,2224,6,6,2071.88067411066
2010,2226,5,5,3741.18091615384
2011,2227,6,6,673.334891258741
2012,2228,6,6,2998.07302302814
2013,2230,5,5,9344.08109236492
2014,2232,5,5,9558.59777077479
2015,2233,4,4,5432.53378324441
2016,2233,5,5,4291.11237876435
2017,2030,4,4,21070.7809819689
2018,2031,6,6,7380.07346931581
2019,2032,5,5,4595.05352383614
2020,2033,4,4,2701.85150254304
2021,2034,5,5,8800.00999212085
2022,2034,7,7,2300.90282304013
2023,2035,4,4,12522.5000413086
2024,2599,5,5,1994.34417338552
2025,2600,6,6,7913.5608634574
2026,2601,5,5,694.631379854116
2027,2602,4,4,5469.35465844607
2028,2602,5,5,13360.1848340242
2029,2603,5,5,195.399606664386
2030,2084,4,4,1659.12814443063
2031,2085,5,5,13850.045791994
2032,2086,5,5,6911.55272139618
2033,2087,5,5,4950.99788576051
2034,2088,6,6,1925.08843283417
2035,2089,6,6,3982.67029074319
2036,2090,6,6,4237.50393737996
2037,2091,5,5,3938.30470686796
2038,2234,5,5,4993.75686834569
2039,2235,60,50,4362.96594145221
2040,2236,5,5,5316.5793651605
2041,2238,4,4,5382.18834620912
2042,2240,3,3,7871.70782160625
2043,2242,5,5,2078.97440888641
2044,2244,6,6,2173.5677862495
2045,2245,6,6,2529.61693068472
2046,2246,5,5,11507.8907496186
2047,2247,6,6,1133.77456098014
2048,2247,60,60,5545.13246680758
2049,2035,50,50,3406.51259792723
2050,2036,4,4,6890.55027509421
2051,2037,6,6,2163.04887752696
2052,2038,4,4,5400.65257275026
2053,2039,5,5,10319.3787213259
2054,2040,4,4,30366.5871876837
2055,2040,5,5,8216.64490451407
2056,2604,7,7,3037.86290532951
2057,2605,6,6,13642.1905800766
2058,2606,6,6,14778.8580542441
2059,2607,6,6,2532.08062871527
2060,2608,5,5,27839.1695491097
2061,2092,5,5,4462.43717793487
2062,2093,4,4,9480.84848944399
2063,2093,5,5,6511.33748839338
2064,2094,4,4,2390.13111034692
2065,2094,5,5,27717.6530976021
2066,2094,7,7,855.960692476379
2067,2249,60,60,6870.62673639318
2068,2250,3,3,1918.38798101551
2069,2250,4,4,2468.60964523502
2070,2250,5,5,9848.21340222242
2071,2254,5,5,15345.3074703722
2072,2258,5,5,13478.1052184319
2073,2259,7,7,467.14463880861
2074,2262,5,5,8437.30867279665
2075,2041,5,5,3480.69736066681
2076,2041,6,6,2785.83107534573
2077,2042,6,6,1275.36941092906
2078,2043,6,6,1912.88388944999
2079,2044,4,4,480.705238680856
2080,2044,5,5,3702.4480236661
2081,2044,40,40,409.237404904964
2082,2045,6,6,1821.78686204524
2083,2046,5,5,12917.7800385132
2084,2047,6,6,2153.8766990474
2085,2048,5,5,3731.5319082294
2086,2049,3,3,2133.87725637649
2087,2608,6,6,9668.45354899849
2088,2609,5,5,673.794869592333
2089,2610,5,5,50166.0982094289
2090,2612,6,6,9490.99797682983
2091,2613,5,5,7245.414126644
2092,2615,5,5,508.765408730328
2093,2618,6,6,8596.73221100619
2094,2619,5,5,687.667402701192
2095,2095,6,6,2515.40981505149
2096,2097,5,5,3629.62616489474
2097,2098,4,4,3313.28458430022
2098,2098,5,5,936.946468345957
2099,2101,6,6,1041.06700926523
2100,2102,5,5,8348.61321216623
2101,2103,6,6,3762.25073205219
2102,2104,4,4,6888.44525802692
2103,2105,4,4,4501.7261550905
2104,2262,6,6,421.076454125096
2105,2264,5,5,12094.6087833639
2106,2266,4,4,10727.296197583
2107,2266,5,5,5819.23316240273
2108,2266,6,6,2878.04309122703
2109,2269,4,4,2775.92748365271
2110,2270,4,4,8639.89192457516
2111,2272,5,5,3073.00161872973
2112,2274,5,5,2043.20439397756
2113,2274,7,7,371.484168311481
2114,2276,5,5,1090.31262062504
2115,2049,4,4,2073.77546889228
2116,2049,5,5,4143.4465174939
2117,2050,4,4,1073.61058517859
2118,2050,7,7,1827.44005247091
2119,2051,6,6,3515.2725575677
2120,2052,5,5,3811.65244916181
2121,2053,6,6,1083.44443784153
2122,2054,6,6,512.605145936077
2123,2054,60,60,1608.82541781325
2124,2055,5,5,2438.24085866031
2125,2057,5,5,9186.21896784082
2126,2058,50,50,1997.2188494074
2127,2059,6,6,4039.66760251006
2128,2059,60,60,249.820085273609
2129,2621,5,5,6564.897893248
2130,2623,6,6,15346.2112411098
2131,2625,5,5,1580.00001784788
2132,2627,5,5,1215.32096696483
2133,2629,5,5,399.328067264476
2134,2629,6,6,3412.39124031674
2135,2107,5,5,12844.0160709917
2136,2108,5,5,3361.43249188765
2137,2111,6,6,1065.74377560656
2138,2113,5,5,3377.66103370431
2139,2113,6,6,2108.97739783886
2140,2114,4,4,2487.72094776809
2141,2115,6,6,1753.75916266828
2142,2116,4,4,11647.5548659591
2143,2117,5,5,2881.92907326143
2144,2280,5,5,1112.76381339377
2145,2282,5,5,3553.73323700172
2146,2284,6,6,3707.52929551356
2147,2289,7,7,4316.09959027492
2148,2290,4,4,22197.8135448568
2149,2292,4,4,15548.3839925504
2150,2060,4,4,12739.8592642818
2151,2061,5,5,4529.37851707426
2152,2062,4,4,1855.71870945926
2153,2062,5,5,5199.8156989647
2154,2063,6,6,1768.97474036068
2155,2065,5,5,2090.16997178915
2156,2631,6,6,2670.05800079083
2157,2632,6,6,6577.79937906927
2158,2633,6,6,2513.88453736651
2159,2634,6,6,694.312523392858
2160,2118,5,5,11992.2003101532
2161,2119,6,6,1957.14887137527
2162,2120,4,4,9551.94424614559
2163,2121,6,6,2299.91622698114
2164,2122,4,4,5990.81812597447
2165,2123,4,4,6391.63415746398
2166,2124,4,4,3870.5340707335
2167,2124,5,5,4463.19844955784
2168,2125,6,6,2418.32962757114
2169,2126,5,5,2582.98301907344
2170,2292,5,5,20498.1475242646
2171,2293,5,5,2646.74040477305
2172,2296,5,5,1138.05757061657
2173,2300,5,5,1240.07192551352
2174,2302,5,5,168.887169668551
2175,2305,5,5,2546.00232078638
2176,2306,5,5,5572.39606520882
2177,2308,5,5,1911.39961071693
2178,2316,3,3,3823.14747593626
2179,2317,5,5,637.337365044386
2180,2066,5,5,25087.8602841596
2181,2067,4,4,965.950718804532
2182,2067,5,5,8430.85470330578
2183,9080,999,999,5628.99344830998
2184,9080,,1,494.656734996426
2185,,1,1,862141.600320501
2186,,2,2,62405.690608133
2187,,3,3,74630.2877052883
2188,,3,30,194.173575573621
2189,,5,5,1593.50961563122
2190,,,3,0
2191,,,,12472.1817527482
