OBJECTID,Route,Direction,Exit_Num,Ramp_Num,Beg_MP,End_MP,Speed_Limit,Name,Type,Shape__Length
1,089APM,P,,,2.468,2.864,35,089A,M,637.3023846
2,089APM,P,,,0,1.799,55,089A,M,2895.216195
3,0491PM,P,,,2.379,17.069442,65,491,M,23642.02188
4,0491PM,P,,,0.407,1.174,40,491,M,1234.368855
5,0491PM,P,,,0,0.407,30,491,M,655.0042534
6,0317PM,P,,,0,1.592526,,317,M,2562.927374
7,0316PM,P,,,0,3.548517,40,316,M,5710.795285
8,0315PM,P,,,0,1.771505,45,315,M,2850.966887
9,0313PM,P,,,3.519,22.467888,50,313,M,30495.33929
10,0313PM,P,,,0.642,1.476,25,313,M,1342.196276
11,0313PM,P,,,0,0.642,15,313,M,1033.200485
12,0312PM,P,,,0,0.585308,,312,M,941.9631701
13,0311PM,P,,,2.382,3.902626,30,311,M,2447.214289
14,0310PM,P,,,0,0.353423,,310,M,568.7807097
15,0301PM,P,,,0,0.377,15,301,M,606.7241248
16,0299PM,P,,,0,0.998628,,299,M,1607.138957
17,0294PM,P,,,0,0.385746,,294,M,620.7994802
18,0292PM,P,,,0,1.758159,25,292,M,2829.487959
19,0290PM,P,,,0,1.195965,,290,M,1924.723681
20,0289PM,P,,,1.723,1.92862,25,289,M,330.912929
21,0289PM,P,,,0,1.723,30,289,M,2772.905403
22,0287PM,P,,,0,0.764477,40,287,M,1230.308463
23,0491PM,P,,,1.174,2.379,55,491,M,1939.264075
24,0285PM,P,,,0,0.34521,,285,M,555.5621685
25,0284PM,P,,,1.632,1.635537,25,284,M,5.81677041
26,0279PM,P,,,0,9.946,55,279,M,16006.56713
27,0276PM,P,,,74.023,91.879029,65,276,M,28736.55125
28,0276PM,P,,,73.09,74.023,55,276,M,1501.520711
29,0276PM,P,,,55.902,66.034,65,276,M,16305.90601
30,0276PM,P,,,34.628,55.902,45,276,M,34237.25259
31,0276PM,P,,,0,34.628,65,276,M,55728.47563
32,0274PM,P,,,0.786,1.246961,50,274,M,741.8466494
33,0273PM,P,,,2.613,3.062547,40,273,M,723.4775493
34,0271PM,P,,,3.354,4.214,40,271,M,1384.03844
35,0269PM,P,,,1.548,1.80056,40,269,M,406.9082979
36,0269PM,P,,,0,1.274,40,269,M,2049.366295
37,0309PM,P,,,0,0.357673,,309,M,575.620558
38,0266PM,P,,,2.437,8.12905,40,266,M,9160.484994
39,0266PM,P,,,0,0.905,40,266,M,1456.458963
40,0264PM,P,,,0.706,4.295,55,264,M,5775.946877
41,0261PM,P,,,9.648,32.644371,55,261,M,37009.14512
42,0261PM,P,,,6.635,7.145,30,261,M,820.7668946
43,0261PM,P,,,0,6.635,55,261,M,10678.01908
44,0260PM,P,,,1.962,4.190274,55,260,M,3586.065317
45,0260PM,P,,,0.731,1.962,35,260,M,1981.107037
46,0260PM,P,,,0.404,0.731,40,260,M,526.2569938
47,0260PM,P,,,0,0.404,45,260,M,650.1758063
48,0259PM,P,,,0,0.349564,35,259,M,562.5704936
49,0258PM,P,,,0.933,2.032323,60,258,M,1769.193794
50,0257PM,P,,,66.903,69.374168,55,257,M,3976.966044
51,0257PM,P,,,0.807,65.764,65,257,M,104538.3669
52,0257PM,P,,,0.534,0.807,45,257,M,439.352125
53,0256PM,P,,,2.581,2.834,50,256,M,407.1640423
54,0256PM,P,,,1.768,2.581,35,256,M,1308.399749
55,0256PM,P,,,1.436,1.768,50,256,M,534.3031011
56,0252PM,P,,,1.223,4.276,50,252,M,4913.3373
57,0252PM,P,,,0,1.223,55,252,M,1968.231492
58,0248PM,P,,,3.7,12.576,65,248,M,14284.56613
59,0248PM,P,,,3.439,3.7,55,248,M,420.0394493
60,0248PM,P,,,2.806,3.439,45,248,M,1018.717493
61,0248PM,P,,,1.429,2.806,50,248,M,2216.070378
62,0248PM,P,,,0,1.429,35,248,M,2299.757539
63,0241PM,P,,,0,1.55505,40,241,M,2502.615993
64,0240PM,P,,,0,0.948,50,240,M,1525.660988
65,0235PM,P,,,0,2.9,45,235,M,4667.107022
66,0232PM,P,,,2.304,2.434299,25,232,M,209.6953508
67,0231PM,P,,,0,0.086575,,231,M,139.3285146
68,0228PM,P,,,0,1.810128,35,228,M,2913.12454
69,0319PM,P,,,0.844,1.201867,25,319,M,575.9324959
70,0227PM,P,,,0,0.58,40,227,M,933.4217074
71,0226PM,P,,,0,3.028962,40,226,M,4874.651723
72,0225PM,P,,,0,0.765163,45,225,M,1231.413669
73,0224PM,P,,,6.924,7.405,45,224,M,774.0954682
74,0224PM,P,,,6.224,6.924,40,224,M,1126.54323
75,0224PM,P,,,4.141,4.772,25,224,M,1015.497411
76,0224PM,P,,,1.173,2.91,25,224,M,2795.436418
77,0222PM,P,,,2.025,3.331165,30,222,M,2102.07227
78,0219PM,P,,,0,1.66809,45,219,M,2684.536765
79,0218PM,P,,,7.565,8.20689,35,218,M,1033.024249
80,0218PM,P,,,7.038,7.565,40,218,M,848.1254275
81,0218PM,P,,,4.687,7.038,55,218,M,3783.575949
82,0218PM,P,,,0,4.687,60,218,M,7543.009995
83,0215PM,P,,,2.425,29.000492,70,215,M,42769.19463
84,0215PM,P,,,0,2.425,65,215,M,3902.667066
85,0215NM,N,,,0,2.174,65,215,M,3498.720693
86,0211PM,P,,,0,9.213,40,211,M,14826.91589
87,0210PM,P,,,11.453,13.549608,25,210,M,3374.171301
88,0210PM,P,,,9.883,11.453,30,210,M,2526.674742
89,0210PM,P,,,0,3.68,50,210,M,5922.397077
90,0209PM,P,,,12.335,12.788,40,209,M,729.0346043
91,0209PM,P,,,4.538,11.358,40,209,M,10975.74865
92,0318PM,P,,,2.22,2.220107,30,318,M,0.171813852
93,0209PM,P,,,3.95,4.538,50,209,M,946.2961805
94,0209PM,P,,,1.979,3.95,55,209,M,3172.023294
95,0209PM,P,,,0,1.191,30,209,M,1916.732097
96,0224PM,P,,,5.294,6.224,35,224,M,1496.693275
97,0208PM,P,,,0,10.196519,55,208,M,16409.74004
98,0204PM,P,,,0,3.733,40,204,M,6007.693275
99,0304PM,P,,,0,0.093361,,304,M,150.2492828
100,0203PM,P,,,1.477,5.414,40,203,M,6336.000733
101,0203PM,P,,,0,1.477,50,203,M,2377.005703
102,0202PM,P,,,0,1.697735,45,202,M,2732.244562
103,0201PM,P,,,16.815,17.695,40,201,M,1417.16998
104,0201PM,P,,,7.375,9.217,55,201,M,2964.418282
105,0201NM,N,,,10.008,16.741206,65,201,M,10836.06672
106,0201NM,N,,,0,7.494,60,201,M,12060.44812
107,0200PM,P,,,0,1.578917,55,200,M,2541.025618
108,0199PM,P,,,20.109,21.952074,50,199,M,2966.146724
109,0198PM,P,,,7.775,13.697,40,198,M,9530.553633
110,0198PM,P,,,6.55,7.775,55,198,M,1971.450319
111,0198PM,P,,,5.178,5.668,30,198,M,788.5801008
112,0198PM,P,,,3.511,3.912,45,198,M,645.3482009
113,0196PM,P,,,21.301,21.692,55,196,M,629.2542909
114,0196PM,P,,,18.674,21.301,65,196,M,4227.755298
115,0196PM,P,,,14.238,18.674,55,196,M,7139.065018
116,0196PM,P,,,0,14.238,65,196,M,22913.88503
117,0194PM,P,,,0,1.208,40,194,M,1944.091757
118,0194NM,N,,,0,1.718,40,194,M,2764.858466
119,0193PM,P,,,4.598,6.275,50,193,M,2698.875407
120,0193PM,P,,,3.883,4.598,40,193,M,1150.682569
121,0193PM,P,,,3.869,3.883,40,193,M,22.53044529
122,0193PM,P,,,3.417,3.869,40,193,M,727.4256984
123,0193PM,P,,,0,3.417,50,193,M,5499.139594
124,0191PM,P,,,396.876,404.740257,55,191,M,12656.32058
125,0191PM,P,,,394.85,396.876,40,191,M,3260.537125
126,0313PM,P,,,1.476,3.261,50,313,M,2872.684026
127,0191PM,P,,,389.307,393.582,40,191,M,6879.959542
128,0191PM,P,,,387.89,389.307,50,191,M,2280.444366
129,0191PM,P,,,383.394,387.89,55,191,M,7235.626095
130,0191PM,P,,,358.767,362.688,65,191,M,6310.25112
131,0191PM,P,,,353.104,353.597,40,191,M,793.4084438
132,0191PM,P,,,294.728,353.104,30,191,M,93947.25242
133,0191PM,P,,,269.834,294.187,55,191,M,39192.43296
134,0191PM,P,,,263.051,269.834,40,191,M,10916.20111
135,0191PM,P,,,259.373,263.051,55,191,M,5919.179033
136,0191PM,P,,,252.048,252.924,40,191,M,1409.788305
137,0191PM,P,,,251.706,252.048,20,191,M,550.3970656
138,0191PM,P,,,130.518,251.706,65,191,M,195033.5703
139,0191PM,P,,,128.996,130.518,55,191,M,2449.426701
140,0191PM,P,,,125.408,126.557,30,191,M,1849.139752
141,0266PM,P,,,0.905,2.437,50,266,M,2465.520546
142,0209PM,P,,,11.575,12.335,40,209,M,1223.103302
143,0191PM,P,,,123.512,124.833,45,191,M,2125.947595
144,0191PM,P,,,73.111,121.266,65,191,M,77498.11593
145,0191PM,P,,,53.438,69.959,65,191,M,26588.02576
146,0191PM,P,,,52.892,53.438,60,191,M,878.7029157
147,0191PM,P,,,52.145,52.892,50,191,M,1202.182797
148,0191PM,P,,,50.322,51.842,30,191,M,2446.207188
149,0191PM,P,,,41.426,49.249,65,191,M,12589.92406
150,0191PM,P,,,40.269,41.426,55,191,M,1862.01435
151,0191PM,P,,,37.704,38.909,55,191,M,1939.262513
152,0191PM,P,,,25.776,26.296,50,191,M,836.860777
153,0191PM,P,,,0,25.776,65,191,M,41482.53324
154,0189PM,P,,,28.397,28.833102,45,189,M,701.8395936
155,0189PM,P,,,24.9,28.397,60,189,M,5627.886668
156,0189PM,P,,,22.529,24.9,55,189,M,3815.763103
157,0189PM,P,,,4.401,8.281,50,189,M,6244.267937
158,0189NM,N,,,0,0.935445,,189,M,1505.456109
159,0186PM,P,,,0.317,1.076,50,186,M,1221.493582
160,0180PM,P,,,0,1.055385,45,180,M,1698.480116
161,0178PM,P,,,0,1.203871,35,178,M,1937.446993
162,0176PM,P,,,0,1.052499,45,176,M,1693.835815
163,0175PM,P,,,4.791,4.904536,40,175,M,182.718758
164,0175PM,P,,,0,0.503,40,175,M,809.5021509
165,0174PM,P,,,0,8.116895,65,174,M,13062.90223
166,0173PM,P,,,8.511,9.940919,40,173,M,2301.236448
167,0173PM,P,,,7.809,8.511,50,173,M,1129.761758
168,0173PM,P,,,4.823,7.809,45,173,M,4805.510578
169,0173PM,P,,,3.192,4.823,40,173,M,2624.845411
170,0172PM,P,,,8.131,9.217359,50,172,M,1748.329146
171,0172PM,P,,,6.512,8.131,45,172,M,2605.532595
172,0172PM,P,,,6.312,6.512,50,172,M,321.8693033
173,0172PM,P,,,0,6.312,45,172,M,10158.19987
174,0171PM,P,,,14.168,15.652813,40,171,M,2389.58012
175,0186PM,P,,,8.473,8.624065,45,186,M,243.116312
176,0171PM,P,,,9.784,14.168,35,171,M,7055.378515
177,0171PM,P,,,8.107,9.784,45,171,M,2698.875301
178,0171PM,P,,,5.604,8.107,40,171,M,4028.195875
179,0168PM,P,,,0,1.170636,35,168,M,1883.960693
180,0167PM,P,,,1.998,11.12523,55,167,M,14688.88319
181,0165PM,P,,,6.296,8.674,45,165,M,3827.02718
182,0227PM,P,,,0.58,0.726765,35,227,M,236.195539
183,0189PM,P,,,0,3.515,35,189,M,5656.855718
184,0165PM,P,,,4.341,5.314,45,165,M,1565.895161
185,0165PM,P,,,0.971,4.341,55,165,M,5423.500298
186,0165PM,P,,,0,0.52,35,165,M,836.8606679
187,0163PM,P,,,21.963,41.438561,65,163,M,31342.94129
188,0163PM,P,,,20.048,21.963,40,163,M,3081.899233
189,0194PM,P,,,1.208,353.90938,50,194,M,2952.756571
190,0163PM,P,,,17.785,20.048,55,163,M,3641.953162
191,0163PM,P,,,0,0.97,45,163,M,1561.06707
192,0204PM,P,,,3.733,5.440578,45,204,M,2748.086726
193,0162PM,P,,,23.911,31.910522,65,162,M,12874.00833
194,0162PM,P,,,22.673,23.911,55,162,M,1992.372172
195,0162PM,P,,,22.283,22.673,45,162,M,627.6449072
196,0162PM,P,,,15.232,22.283,55,162,M,11347.50783
197,0224PM,P,,,0,1.173,15,224,M,1887.764423
198,0162PM,P,,,15.048,15.232,45,162,M,296.1197977
199,0162PM,P,,,3.582,12.48,55,162,M,14319.97122
200,0162PM,P,,,0,3.582,45,162,M,5764.682283
201,0161PM,P,,,1.196,3.08664,55,161,M,3042.6963
202,0160PM,P,,,2.629,3.803436,40,160,M,1890.075731
203,0158PM,P,,,3.886,4.516,45,158,M,1013.888569
204,0158PM,P,,,3.478,3.886,50,158,M,656.614507
205,0191PM,P,,,51.842,52.145,45,191,M,487.6323478
206,0158PM,P,,,0.734,2.2,50,158,M,2359.302589
207,0157PM,P,,,4.356,4.597,40,157,M,387.8530804
208,0157PM,P,,,2.08,4.356,50,157,M,3662.873789
209,0224PM,P,,,4.772,5.294,40,224,M,840.0787219
210,0157PM,P,,,0.479,1.478,40,157,M,1607.737663
211,0157PM,P,,,0,0.479,25,157,M,770.8768972
212,0155PM,P,,,3.895,4.971,35,155,M,1731.657316
213,0155PM,P,,,0,3.895,55,155,M,6268.407771
214,0210PM,P,,,3.68,9.87,40,210,M,9961.860342
215,0154PM,P,,,24.017,24.315752,50,154,M,480.7955865
216,0243PM,P,,,0,0.699,45,243,M,1124.933782
217,0154PM,P,,,19.195,21.576,50,154,M,3831.854996
218,0191PM,P,,,70.937,71.337,45,191,M,643.739524
219,0154PM,P,,,0,0.93,45,154,M,1496.693283
220,0154NM,N,,,0.971,3.184345,55,154,M,3562.03933
221,0153PM,P,,,6.787,35.025,30,153,M,45444.7479
222,0232PM,P,,,1.316,2.304,45,232,M,1590.035535
223,0153PM,P,,,1.217,6.787,40,153,M,8964.063447
224,0153PM,P,,,0,1.217,30,153,M,1958.575447
225,0152PM,P,,,2.402,3.053469,40,152,M,1048.440442
226,0165PM,P,,,10.108,10.727826,45,165,M,997.51561
227,0152PM,P,,,0,2.402,50,152,M,3865.651635
228,0152NM,N,,,0,2.020767,50,152,M,3252.115494
229,0151PM,P,,,2.618,4.293145,45,151,M,2695.88927
230,0150PM,P,,,5.351,54.661646,55,150,M,79357.95044
231,0150PM,P,,,0.68,5.351,45,150,M,7517.261639
232,0148PM,P,,,0,2.511406,40,148,M,4041.724383
233,0284PM,P,,,0.866,1.414,20,284,M,881.9235575
234,0147PM,P,,,13.646,15.06,45,147,M,2275.617618
235,0147PM,P,,,11.107,13.646,35,147,M,4086.131652
236,0268PM,P,,,0,0.749823,35,268,M,1206.725887
237,0147PM,P,,,8.141,11.107,50,147,M,4773.324296
238,0222PM,P,,,0,2.025,35,222,M,3258.928317
239,0147PM,P,,,5.636,8.141,45,147,M,4031.415096
240,0147PM,P,,,0,5.636,50,147,M,9070.28083
241,0145PM,P,,,5.64,6.38,45,145,M,1190.917601
242,0144PM,P,,,1.975,2.477415,20,144,M,808.5599903
243,0144PM,P,,,0,1.975,30,144,M,3178.460676
244,0143PM,P,,,50.011,50.592636,30,143,M,936.0552375
245,0143PM,P,,,49.695,50.011,40,143,M,508.5543114
246,0143PM,P,,,49.473,49.695,40,143,M,357.2751382
247,0143PM,P,,,33.044,49.473,55,143,M,26439.96498
248,0143PM,P,,,19.39,33.044,50,143,M,21974.0268
249,0143PM,P,,,17.314,18.068,45,143,M,1213.447943
250,0143PM,P,,,3.47,9.001,50,143,M,8901.299597
251,0143PM,P,,,3.251,3.47,45,143,M,352.4473007
252,0256PM,P,,,2.834,5.613691,55,256,M,4473.487617
253,0143PM,P,,,2.42,2.991,30,143,M,918.9377472
254,0143PM,P,,,0,1.484,55,143,M,2388.271188
255,0142PM,P,,,11.363,16.668,55,142,M,8537.58727
256,0142PM,P,,,5.741,9.671,55,142,M,6324.735327
257,0142PM,P,,,4.571,5.741,40,142,M,1882.934922
258,0280PM,P,,,0,0.404566,30,280,M,651.0875901
259,0142PM,P,,,0,4.571,55,142,M,7356.326816
260,0141PM,P,,,5.291,6.56996,45,141,M,2058.291483
261,0141PM,P,,,0,2.482,45,141,M,3994.399956
262,0138PM,P,,,13.386,18.811,65,138,M,8730.708651
263,0158PM,P,,,4.516,11.610583,40,158,M,11417.64789
264,0138PM,P,,,12.861,13.386,50,138,M,844.906915
265,0138PM,P,,,9.738,11.114,35,138,M,2214.461497
266,0138PM,P,,,8.679,9.738,40,138,M,1704.299107
267,0306PM,P,,,0,0.445963,,306,M,717.7099093
268,0138PM,P,,,6.714,8.679,55,138,M,3162.367025
269,0167PM,P,,,0,1.998,45,167,M,3215.474885
270,0138PM,P,,,0,6.714,65,138,M,10805.15727
271,0137PM,P,,,8.669,11.3791,60,137,M,4362.680166
272,0137PM,P,,,7.786,8.669,40,137,M,1421.439772
273,0137PM,P,,,6.977,7.165,40,137,M,302.5576354
274,0137PM,P,,,1.105,6.977,60,137,M,9450.087217
275,0137PM,P,,,0.605,1.105,50,137,M,804.6740246
276,0191PM,P,,,377.989,383.394,60,191,M,8698.520834
277,0134PM,P,,,14.133,14.370643,40,134,M,382.4498928
278,089APM,P,,,2.864,2.96997,30,089A,M,170.5427155
279,0134PM,P,,,8.666,9.978,40,134,M,2111.463661
280,0134PM,P,,,7.066,8.666,35,134,M,2574.955246
281,0134PM,P,,,0,7.066,40,134,M,11371.64764
282,0133PM,P,,,1.586,6.123,55,133,M,7301.608496
283,0133PM,P,,,0,1.196,35,133,M,1924.778983
284,0132PM,P,,,59.681,63.195333,65,132,M,5655.78207
285,0132PM,P,,,58.998,59.681,50,132,M,1099.183515
286,0132PM,P,,,56.012,56.166,40,132,M,247.8403639
287,0132PM,P,,,53.989,54.279,55,132,M,466.7106924
288,0132PM,P,,,48.111,48.337,45,132,M,363.7124788
289,0201PM,P,,,0,7.375,60,201,M,11868.93543
290,0132PM,P,,,32.695,34.172,35,132,M,2377.005982
291,0132PM,P,,,4.002,5.509,45,132,M,2425.285232
292,0132PM,P,,,0,0.673,45,132,M,1083.090734
293,0130PM,P,,,2.928,6.478,45,130,M,5713.182202
294,0130PM,P,,,2.16,2.685,30,130,M,844.907234
295,0130PM,P,,,1.493,2.16,35,130,M,1073.434993
296,0130PM,P,,,0,1.493,45,130,M,2402.755072
297,0129PM,P,,,4.792,7.337119,45,129,M,4095.980054
298,0129PM,P,,,3.078,4.792,40,129,M,2758.421208
299,0191PM,P,,,72.686,73.111,40,191,M,683.9723948
300,0129PM,P,,,0,3.078,45,129,M,4953.570834
301,0128PM,P,,,34.929,44.584533,50,128,M,15539.10446
302,0128PM,P,,,15.004,24.38,50,128,M,15089.23998
303,0125PM,P,,,18.608,21.006,65,125,M,3859.214265
304,0125PM,P,,,16.994,18.608,55,125,M,2597.486395
305,0125PM,P,,,9.782,16.994,65,125,M,11606.61261
306,0153PM,P,,,40.13,40.512513,30,153,M,615.5954445
307,0125PM,P,,,8.618,9.782,35,125,M,1873.279724
308,0125PM,P,,,0,6.889,65,125,M,11086.79342
309,0124PM,P,,,0,7.338,55,124,M,11809.3899
310,0128PM,P,,,8.421,11.104,35,128,M,4317.878257
311,0123PM,P,,,7.462,8.212,55,123,M,1207.009873
312,0123PM,P,,,0,7.462,65,123,M,12008.94931
313,0122PM,P,,,0,0.485,40,122,M,780.5338128
314,0121PM,P,,,39.575,40.23388,35,121,M,1060.367445
315,0121PM,P,,,38.808,39.575,45,121,M,1234.36935
316,0121PM,P,,,12.015,22.322,60,121,M,16587.54143
317,0121PM,P,,,10.557,12.015,55,121,M,2346.428907
318,0121PM,P,,,9.81,10.265,35,121,M,732.2522531
319,0121PM,P,,,1.6,9.429,60,121,M,12599.57882
320,0120PM,P,,,0,1.628,45,120,M,2620.017867
321,0209PM,P,,,12.788,18.942198,40,209,M,9904.240299
322,0119PM,P,,,6.594,8.754575,35,119,M,3477.114813
323,0118PM,P,,,14.873,15.719,40,118,M,1361.65125
324,0118PM,P,,,14.486,14.873,45,118,M,621.2384684
325,0118PM,P,,,8.504,9.103,40,118,M,963.998752
326,0118PM,P,,,6.544,6.85,40,118,M,492.4609976
327,0118PM,P,,,0.938,5.062,55,118,M,6636.948103
328,0118PM,P,,,0.563,0.938,35,118,M,603.5052072
329,0118PM,P,,,0,0.18,35,118,M,289.6832552
330,0117PM,P,,,11.521,12.210073,45,117,M,1108.958498
331,0117PM,P,,,8.9,9.342,45,117,M,711.331156
332,0117PM,P,,,8.278,8.9,35,117,M,1001.013506
333,0117PM,P,,,5.099,8.041,60,117,M,4734.699794
334,0117PM,P,,,1.334,4.721,60,117,M,5450.86009
335,0117PM,P,,,1.183,1.334,50,117,M,243.010242
336,0116PM,P,,,6.377,7.069554,35,116,M,1114.561116
337,0115PM,P,,,7.918,8.264437,30,115,M,557.5369976
338,0115PM,P,,,0.523,0.934,35,115,M,661.4417085
339,0114PM,P,,,1.835,2.487,40,114,M,1049.294426
340,0113PM,P,,,5.082,6.32,50,113,M,1992.371641
341,0113PM,P,,,4.738,5.082,40,113,M,553.6159597
342,0128PM,P,,,0,8.421,45,128,M,13552.31318
343,0113PM,P,,,1.382,2.745,50,113,M,2193.54112
344,0113PM,P,,,0,1.382,45,113,M,2224.117496
345,0112PM,P,,,7.988,8.217197,45,112,M,368.8579565
346,0112PM,P,,,5.956,7.988,50,112,M,3270.193546
347,0224PM,P,,,9.5,11.006,55,224,M,2423.675991
348,0112PM,P,,,0.648,1.069,50,112,M,677.5351069
349,0111PM,P,,,0,1.515,60,111,M,2438.161288
350,0110PM,P,,,0,3.491208,40,110,M,5618.566958
351,0109PM,P,,,0,1.539,35,109,M,2476.785118
352,0108PM,P,,,10.101,12.921557,50,108,M,4539.257513
353,0108PM,P,,,0,1.036,40,108,M,1667.283396
354,0107PM,P,,,0,1.503081,40,107,M,2418.978453
355,0106PM,P,,,1.377,6.823,40,106,M,8764.505473
356,0106PM,P,,,0,1.377,35,106,M,2216.070708
357,0132PM,P,,,41.753,46.541,65,132,M,7705.554681
358,0104PM,P,,,2.616,3.198113,55,104,M,938.1794804
359,0104PM,P,,,0.534,1.175,50,104,M,1031.591384
360,0102PM,P,,,19.726,20.091166,40,102,M,587.6793716
361,0102PM,P,,,16.583,16.756,40,102,M,278.4166045
362,0102PM,P,,,16.02,16.583,30,102,M,906.0627336
363,0102PM,P,,,0,14.057,55,102,M,22622.59353
364,0109PM,P,,,1.539,2.965313,50,109,M,2295.432319
365,0199PM,P,,,7.775,17.733,40,199,M,16025.88016
366,0101PM,P,,,14.284,20.206,40,101,M,9530.555184
367,0101PM,P,,,1.766,3.5,50,101,M,2790.608368
368,0099PM,P,,,1.548,2.018,35,99,M,756.3925209
369,0157PM,P,,,4.597,5.207645,25,157,M,982.7403557
370,0097PM,P,,,1.481,3.15,40,97,M,2686.000396
371,0097PM,P,,,0.555,1.481,50,97,M,1490.25552
372,0097PM,P,,,0,0.555,40,97,M,893.1875667
373,0095PM,P,,,25.462,51.374,55,95,M,41701.40458
374,0093PM,P,,,0,0.375057,35,93,M,603.5979004
375,0103PM,P,,,0,0.213081,30,103,M,342.9216979
376,0257PM,P,,,0,0.534,30,257,M,859.3917438
377,0240PM,P,,,0.948,1.202389,40,240,M,409.4001932
378,0092PM,P,,,7.722,12.602,35,92,M,7853.613834
379,0092PM,P,,,7.383,7.722,40,92,M,545.5699057
380,0092PM,P,,,6.686,7.383,50,92,M,1121.713984
381,0099PM,P,,,2.018,2.813,30,99,M,1279.430942
382,0273PM,P,,,1.186,1.952,40,273,M,1232.760981
383,0092PM,P,,,0.425,0.729,45,92,M,489.242497
384,0092PM,P,,,0,0.425,30,92,M,683.9719822
385,0091PM,P,,,40.217,458.79017,60,91,M,8043.511412
386,0091PM,P,,,38.982,40.217,45,91,M,1987.543259
387,0186PM,P,,,1.076,2.901,30,186,M,2937.058813
388,0091PM,P,,,32.539,34.811,45,91,M,3656.437429
389,0091PM,P,,,28.994,32.539,55,91,M,5705.13591
390,0091PM,P,,,28.262,28.994,45,91,M,1178.041717
391,0091PM,P,,,25.926,28.262,35,91,M,3759.435176
392,0091PM,P,,,24.858,25.926,45,91,M,1718.782399
393,0091PM,P,,,22.956,24.858,55,91,M,3060.97839
394,0191PM,P,,,69.959,70.937,55,191,M,1573.94082
395,0091PM,P,,,17.254,22.956,60,91,M,9176.498105
396,0235PM,P,,,2.9,3.223244,40,235,M,520.2112783
397,0091PM,P,,,15.631,16.167,60,91,M,862.6105009
398,0091PM,P,,,4.389,15.631,65,91,M,18092.28136
399,0091PM,P,,,2.705,4.389,60,91,M,2710.141181
400,0138PM,P,,,11.114,12.861,40,138,M,2811.530404
401,0091PM,P,,,0,2.705,55,91,M,4353.28411
402,0090PM,P,,,0.556,1.182445,50,90,M,1008.167242
403,0318PM,P,,,0,2.22,40,318,M,3572.750753
404,0089PM,P,,,498.473,499.574,40,89,M,1771.89734
405,0198PM,P,,,6.036,6.55,45,198,M,827.20516
406,0089PM,P,,,480.67,486.721,60,89,M,9738.190756
407,0089PM,P,,,478.309,480.67,45,89,M,3799.682403
408,0089PM,P,,,472.193,478.309,45,89,M,9842.798893
409,0160PM,P,,,1.616,2.629,30,160,M,1630.269326
410,0089PM,P,,,462.297,470.073,50,89,M,12514.32401
411,0089PM,P,,,459.135,462.297,40,89,M,5088.772831
412,0089PM,P,,,418.019,427.637,55,89,M,15478.75121
413,0089PM,P,,,416.837,418.019,45,89,M,1902.254171
414,0092PM,P,,,13.837,23.238,20,92,M,15129.47286
415,0089PM,P,,,415.263,416.837,40,89,M,2533.120424
416,0089PM,P,,,427.637,428.489,45,89,M,1371.169781
417,0089PM,P,,,410.359,411.939,50,89,M,2542.777001
418,0191PM,P,,,126.557,128.996,45,191,M,3925.197366
419,0089PM,P,,,398.617,410.359,55,89,M,18897.01589
420,0089PM,P,,,387.535,396.376,40,89,M,14228.28458
421,0100PM,P,,,0,0.619,30,100,M,996.1851393
422,0108PM,P,,,1.036,10.101,45,108,M,14588.73211
423,0089PM,P,,,385.041,387.535,45,89,M,4013.7252
424,0153PM,P,,,35.025,40.13,40,153,M,8215.716987
425,0089PM,P,,,380.671,381.924,40,89,M,2016.51869
426,0104PM,P,,,0,0.534,45,104,M,859.3913467
427,0089PM,P,,,364.318,375.088,40,89,M,17332.72594
428,0089PM,P,,,348.966,350.025,35,89,M,1704.303826
429,0089PM,P,,,347.512,348.235,35,89,M,1163.561823
430,0089PM,P,,,345.31,347.512,45,89,M,3543.793538
431,0160PM,P,,,0,1.616,40,160,M,2600.704619
432,0089PM,P,,,333.484,334.07,45,89,M,943.0802485
433,0089PM,P,,,334.07,336.867,35,89,M,4501.358333
434,0126PM,P,,,10.872,11.373,50,126,M,806.2827524
435,0089PM,P,,,329.826,333.484,50,89,M,5887.010774
436,0089PM,P,,,329.409,329.826,40,89,M,671.1005238
437,0131PM,P,,,0,2.772228,45,131,M,4461.477931
438,0089PM,P,,,328.285,328.466,40,89,M,291.2927109
439,0089PM,P,,,324.854,328.285,50,89,M,5521.687772
440,0113PM,P,,,6.32,6.691,35,113,M,597.0680284
441,0089PM,P,,,285.747,308.219,65,89,M,36165.3675
442,0101PM,P,,,21.21,21.78495,30,101,M,925.2935744
443,0089PM,P,,,283.832,284.931,35,89,M,1768.677686
444,0089PM,P,,,279.192,279.92,55,89,M,1171.608035
445,0089PM,P,,,278.762,279.192,40,89,M,692.0214341
446,0089PM,P,,,264.5,276.978,65,89,M,20081.50013
447,0089PM,P,,,263.868,264.5,45,89,M,1017.110554
448,0162PM,P,,,12.48,13.953,45,162,M,2370.567916
449,0089PM,P,,,257.342,262.165,65,89,M,7761.906148
450,0089PM,P,,,250.635,254.651,65,89,M,6463.158312
451,0089PM,P,,,242.148,242.371,45,89,M,358.8859106
452,0089PM,P,,,241.24,242.148,30,89,M,1461.29112
453,0089PM,P,,,239.143,241.24,45,89,M,3374.812971
454,0089PM,P,,,238.635,239.143,55,89,M,817.5513075
455,0089PM,P,,,228.93,238.635,65,89,M,15618.76442
456,0089PM,P,,,228.102,228.28,45,89,M,286.4650714
457,0145PM,P,,,6.38,6.878272,35,145,M,801.8923747
458,0115PM,P,,,2.59,3.943,45,115,M,2177.446936
459,0137PM,P,,,7.165,7.786,30,137,M,997.8308586
460,0089PM,P,,,226.906,227.463,45,89,M,896.4089194
461,0118PM,P,,,10.182,14.486,60,118,M,6926.629749
462,0122PM,P,,,0.485,8.805966,55,122,M,13391.32252
463,0089PM,P,,,226.051,226.906,50,89,M,1375.996216
464,0089PM,P,,,190.748,226.051,60,89,M,56813.35158
465,0191PM,P,,,362.688,365.666,55,191,M,4792.635556
466,0089PM,P,,,179.863,181.734,65,89,M,3011.088253
467,0089PM,P,,,164.353,165.474,40,89,M,1804.07839
468,0089PM,P,,,159.23,164.353,65,89,M,8244.686491
469,0089PM,P,,,157.912,159.23,40,89,M,2121.118721
470,0191PM,P,,,353.597,353.898,45,191,M,484.413416
471,0191PM,P,,,26.296,37.704,65,191,M,18359.43421
472,0089PM,P,,,131.6,132.528,35,89,M,1493.475056
473,0089PM,P,,,131.346,131.6,30,89,M,408.7734055
474,0319PM,P,,,0,0.844,35,319,M,1358.288915
475,0089PM,P,,,124.845,130.688,65,89,M,9403.415717
476,0089PM,P,,,124.355,124.845,55,89,M,788.5809608
477,0089PM,P,,,117.04,117.526,55,89,M,782.1433207
478,0125PM,P,,,21.006,21.851504,40,125,M,1360.709844
479,0089PM,P,,,114.604,115.849,60,89,M,2003.637336
480,0089PM,P,,,90.383,95.343,60,89,M,7982.361438
481,0089PM,P,,,85.712,86.14,35,89,M,688.8001835
482,0089PM,P,,,491.443,497.469,50,89,M,9697.958301
483,0089PM,P,,,85.204,85.712,45,89,M,817.5488946
484,0089PM,P,,,82.578,83.988,45,89,M,2269.179602
485,0089PM,P,,,81.668,82.578,55,89,M,1464.506473
486,0130PM,P,,,6.478,10.422,55,130,M,6347.265835
487,0089PM,P,,,66.81,71.715,60,89,M,7893.848234
488,0089PM,P,,,63.229,64.164,35,89,M,1504.739698
489,0089PM,P,,,7.589,63.098,65,89,M,89333.25562
490,0089PM,P,,,0,5.519,65,89,M,8881.987819
491,0089NM,N,,,1.546,3.285,55,89,M,2798.206672
492,0087PM,P,,,30.4,37.473,55,87,M,11382.91346
493,0087PM,P,,,21.702,23.013,45,87,M,2109.854341
494,0087PM,P,,,21.413,21.702,35,87,M,465.1012731
495,0115PM,P,,,6.032,7.629,40,115,M,2570.127336
496,0087PM,P,,,9.439,21.013,55,87,M,18626.5841
497,0089PM,P,,,130.688,131.346,35,89,M,1058.950363
498,0087PM,P,,,1.495,9.439,60,87,M,12784.65526
499,0086PM,P,,,1.792,2.134643,35,86,M,551.431499
500,0086PM,P,,,0,1.792,55,86,M,2883.950495
501,0132PM,P,,,46.915,48.111,35,132,M,1924.778347
502,0085PM,P,,,12.095,20.443446,65,85,M,13436.29738
503,0085NM,N,,,9.884,17.466725,65,85,M,12203.23776
504,0085NM,N,,,0,9.884,55,85,M,15906.78776
505,0084PM,P,,,92.929,107.194,75,84,M,22957.3375
506,0084PM,P,,,81.39,88.603,70,84,M,11608.22137
507,0084PM,P,,,0,81.39,80,84,M,130984.7704
508,0101PM,P,,,0.762,1.766,45,101,M,1615.785081
509,0084NM,N,,,114.763,119.75852,70,84,M,8039.526574
510,0089PM,P,,,117.526,124.355,65,89,M,10990.23137
511,0084NM,N,,,91.95,96.039,65,84,M,6580.620973
512,0082PM,P,,,2.837,3.208218,45,82,M,597.4182552
513,0089PM,P,,,328.466,329.409,30,89,M,1517.619443
514,0264PM,P,,,8.303,15.370437,30,264,M,11373.96002
515,0190PM,P,,,1.973,7.062,40,190,M,8189.967993
516,0089PM,P,,,65.241,65.451,45,89,M,337.9628324
517,0082PM,P,,,1.751,2.229,30,82,M,769.2690086
518,0082PM,P,,,0,1.751,40,82,M,2817.966706
519,0081PM,P,,,0,1.745,45,81,M,2808.311102
520,0094PM,P,,,0,0.957701,40,94,M,1541.273797
521,0080PM,P,,,170.571,197.06307,80,80,M,42634.93942
522,0080PM,P,,,112.514,125.883,70,80,M,21515.36348
523,0080PM,P,,,99.557,112.514,75,80,M,20852.31179
524,0080PM,P,,,0,99.557,80,80,M,160221.7807
525,0117PM,P,,,4.721,5.099,50,117,M,608.3325434
526,0089PM,P,,,279.92,283.832,65,89,M,6295.786926
527,0080NM,N,,,179.904,196.87269,80,80,M,27308.51335
528,0116PM,P,,,0,0.524,40,116,M,843.2977865
529,0191PM,P,,,252.924,259.373,50,191,M,10378.68095
530,0080NM,N,,,161.973,179.904,70,80,M,28857.20529
531,0080NM,N,,,127.805,161.973,65,80,M,54988.17516
532,0121PM,P,,,10.265,10.557,40,121,M,469.9297477
533,0126PM,P,,,20.634,21.704989,50,126,M,1723.59346
534,0273PM,P,,,0,1.186,45,273,M,1908.685373
535,0080NM,N,,,114.808,127.805,70,80,M,20916.68629
536,0089PM,P,,,95.343,103.639,65,89,M,13351.14521
537,0089PM,P,,,255.428,256.898,35,89,M,2365.748022
538,0191PM,P,,,365.666,372.997,40,191,M,11798.12495
539,0084NM,N,,,0,81.161,80,84,M,130616.2297
540,0080NM,N,,,0,100.851,80,80,M,162304.2763
541,0191PM,P,,,393.582,394.85,30,191,M,2040.652292
542,0079PM,P,,,5.481,5.784472,45,79,M,488.9576546
543,0145PM,P,,,0,5.64,50,145,M,9076.718279
544,0079PM,P,,,3.453,3.798,30,79,M,553.6620405
545,0265PM,P,,,0,4.338761,45,265,M,6982.573705
546,0088PM,P,,,0,16.959322,60,88,M,27293.43721
547,0079PM,P,,,0,0.947,50,79,M,1524.051058
548,0173PM,P,,,1.53,3.192,45,173,M,2674.735532
549,0078PM,P,,,9.086,9.408649,35,78,M,519.2545856
550,0078PM,P,,,0.623,9.086,60,78,M,13619.90552
551,0077PM,P,,,7.48,8.895,45,77,M,2277.226947
552,0095PM,P,,,51.374,113.566,65,95,M,100088.522
553,0101PM,P,,,20.206,21.21,45,101,M,1615.785315
554,0077PM,P,,,2.169,4.043,45,77,M,3015.916718
555,0077PM,P,,,0.708,2.169,50,77,M,2351.256207
556,0089PM,P,,,227.463,228.102,35,89,M,1028.375864
557,0075PM,P,,,0,0.406,40,75,M,653.3950566
558,0074PM,P,,,4.582,5.07501,40,74,M,793.4227773
559,0158PM,P,,,2.2,3.478,55,158,M,2056.745107
560,0143PM,P,,,14.647,17.314,35,143,M,4292.12825
561,0074PM,P,,,0.556,1.909,35,74,M,2177.4471
562,0074PM,P,,,0,0.556,30,74,M,894.7966029
563,0073PM,P,,,35.887,36.182115,40,73,M,475.9285365
564,0073PM,P,,,31.258,35.067,55,73,M,6130.003341
565,0073PM,P,,,20.304,21.293,55,73,M,1591.645195
566,0073PM,P,,,5.11,20.304,65,73,M,24452.42132
567,0073PM,P,,,4.266,5.11,55,73,M,1358.289242
568,0293PM,P,,,0,1.16701,,293,M,1878.123599
569,0073PM,P,,,0,4.266,65,73,M,6865.475181
570,0124PM,P,,,7.338,7.965869,35,124,M,1010.459288
571,0072PM,P,,,31.813,35.473675,55,72,M,5891.297082
572,0072PM,P,,,9.039,11.634,40,72,M,4176.255682
573,0258PM,P,,,0,0.933,40,258,M,1501.520149
574,0072PM,P,,,8.324,9.039,55,72,M,1150.683337
575,0191PM,P,,,294.187,294.728,40,191,M,870.6575438
576,0072PM,P,,,8.014,8.324,40,72,M,498.8982806
577,0116PM,P,,,0.524,6.377,55,116,M,9419.508838
578,0089PM,P,,,184.209,190.748,50,89,M,10523.52193
579,0232PM,P,,,0,1.316,40,232,M,2117.900859
580,0072PM,P,,,6.809,6.887,40,72,M,125.5290134
581,0078PM,P,,,0,0.623,45,78,M,1002.623313
582,0072PM,P,,,4.95,6.809,45,72,M,2991.777287
583,0072PM,P,,,0.437,4.291,50,72,M,6202.424082
584,0089PM,P,,,115.849,117.04,40,89,M,1916.73249
585,0072PM,P,,,0,0.437,40,72,M,703.2846557
586,0071PM,P,,,12.775,19.002,45,71,M,10021.40558
587,0171PM,P,,,0,1.569,40,171,M,2525.065582
588,0071PM,P,,,2.979,3.938,50,71,M,1543.364759
589,0070PM,P,,,231.771,374.090622,75,70,M,133.8022354
590,0286PM,P,,,0,1.321892,,286,M,2127.383882
591,0070PM,P,,,68.41,70.725,65,70,M,3725.639224
592,0070PM,P,,,63.928,68.41,70,70,M,7213.094417
593,0143PM,P,,,18.068,19.39,35,143,M,2127.55697
594,0070PM,P,,,7.968,21.469,75,70,M,21727.79708
595,0070PM,P,,,5.566,7.968,65,70,M,3865.651896
596,0070PM,P,,,0,5.566,80,70,M,8957.626616
597,0070NM,N,,,148.574,231.919085,80,70,M,134131.1814
598,0070NM,N,,,146.852,148.574,60,70,M,2771.296355
599,0070NM,N,,,90.324,146.852,80,70,M,90973.17949
600,0070NM,N,,,73.266,90.324,70,70,M,27452.24474
601,0070NM,N,,,16.472,22.808,75,70,M,10196.82399
602,0118PM,P,,,9.103,9.229,25,118,M,202.7779044
603,0089PM,P,,,249.766,250.635,40,89,M,1398.527533
604,0070NM,N,,,7.573,16.472,65,70,M,14321.57975
605,0070NM,N,,,0,7.573,80,70,M,12187.58745
606,0068PM,P,,,62.743,68.408,50,68,M,9116.952724
607,0068PM,P,,,58.888,60.978,40,68,M,3363.535949
608,0068PM,P,,,58.294,58.888,45,68,M,955.9515853
609,0165PM,P,,,5.314,6.296,55,165,M,1580.379095
610,0068PM,P,,,57.547,58.294,40,68,M,1202.183979
611,0126PM,P,,,1.937,5.016,45,126,M,4955.180495
612,0092PM,P,,,23.238,25.056,30,92,M,2925.793776
613,0191PM,P,,,49.249,50.322,45,191,M,1726.830313
614,0068PM,P,,,56.661,57.547,45,68,M,1425.881265
615,0072PM,P,,,15.879,17.238,40,72,M,2187.103328
616,0068PM,P,,,50.462,56.661,40,68,M,9976.342185
617,0123PM,P,,,8.212,11.398687,40,123,M,5128.48561
618,0068PM,P,,,38.025,50.462,45,68,M,20015.45219
619,0073PM,P,,,24.879,25.779,50,73,M,1448.412785
620,0068PM,P,,,33.876,38.025,55,68,M,6677.181002
621,0134PM,P,,,9.978,12.628,45,134,M,4264.770567
622,0068PM,P,,,33.168,33.876,50,68,M,1139.418638
623,0113PM,P,,,6.691,7.137871,30,113,M,719.171287
624,0068PM,P,,,30.863,32.294,50,68,M,2302.975954
625,0068PM,P,,,29.366,30.863,55,68,M,2409.193062
626,0190PM,P,,,15.964,19.841041,25,190,M,6239.50618
627,0068PM,P,,,11.664,23.955,55,68,M,19780.48706
628,0089PM,P,,,433.282,459.135,45,89,M,41606.58861
629,0276PM,P,,,66.034,73.09,45,276,M,11355.55408
630,0068PM,P,,,1.711,11.664,65,68,M,16017.83238
631,0068PM,P,,,0.706,1.711,55,68,M,1617.393591
632,0068PM,P,,,0,0.706,40,68,M,1136.199466
633,0067PM,P,,,0,11.545391,55,67,M,18580.54254
634,0067NM,N,,,0,11.505027,55,67,M,18515.58326
635,0066PM,P,,,13.783,14.353992,40,66,M,918.9244644
636,0066PM,P,,,11.65,12.497,40,66,M,1363.116721
637,0066PM,P,,,4.052,7.997,45,66,M,6348.874725
638,0191PM,P,,,121.266,123.512,55,191,M,3614.594221
639,0066PM,P,,,0,3.115,30,66,M,5013.117167
640,0065PM,P,,,5.256,14.104,35,65,M,14239.50372
641,0064PM,P,,,1.947,2.022889,45,64,M,122.1309779
642,0298PM,P,,,0,1.002298,,298,M,1613.045724
643,0063PM,P,,,0,0.687,40,63,M,1105.621287
644,0062PM,P,,,38.716,42.912144,60,62,M,6753.051775
645,0154NM,N,,,0,0.971,50,154,M,1562.676777
646,0062PM,P,,,38.463,38.716,50,62,M,407.1655863
647,0279PM,P,,,10.904,15.234759,55,279,M,6969.693923
648,0062PM,P,,,37.494,38.463,40,62,M,1559.45691
649,0062PM,P,,,31.413,37.494,55,62,M,9786.439845
650,0175PM,P,,,0.503,4.791,45,175,M,6900.880296
651,0142PM,P,,,9.671,11.363,40,142,M,2723.015245
652,0062PM,P,,,2.196,12.452,55,62,M,16505.46538
653,0101PM,P,,,7.926,13.574,45,101,M,9089.59259
654,0061PM,P,,,0,0.738,40,61,M,1187.698522
655,0060PM,P,,,0,0.676,40,60,M,1087.918965
656,0059PM,P,,,10.08,10.599,55,59,M,835.2506752
657,0089PM,P,,,65.451,66.81,55,89,M,2187.102529
658,0089PM,P,,,179.12,179.863,40,89,M,1195.745323
659,0274PM,P,,,0,0.786,40,274,M,1264.946623
660,0059PM,P,,,5.855,10.08,65,59,M,6799.492951
661,0059PM,P,,,0.789,4.461,65,59,M,5909.522786
662,0059PM,P,,,0,0.789,40,59,M,1269.775157
663,0224PM,P,,,8.422,9.5,45,224,M,1734.876655
664,0058PM,P,,,0.897,1.36055,40,58,M,746.0126054
665,0072PM,P,,,6.887,8.014,55,72,M,1813.733502
666,0102PM,P,,,14.057,15.423,50,102,M,2198.368363
667,0120PM,P,,,1.628,2.972,30,120,M,2162.962116
668,0057PM,P,,,10.517,10.676079,35,57,M,256.0129047
669,0057PM,P,,,0,10.517,55,57,M,16925.50481
670,0302PM,P,,,0,3.589822,25,302,M,5777.27002
671,0126PM,P,,,0,1.937,40,126,M,3117.305421
672,0056PM,P,,,58.711,59.705,50,56,M,1599.691637
673,0084PM,P,,,88.603,91.51,55,84,M,4678.372529
674,0056PM,P,,,55.618,58.711,55,56,M,4977.711589
675,0056PM,P,,,0,25.026,65,56,M,40275.52355
676,0055PM,P,,,0,0.705,40,55,M,1134.589755
677,0053PM,P,,,1.673,1.953365,30,53,M,451.205296
678,0284PM,P,,,0.439,0.866,25,284,M,687.1895217
679,0052PM,P,,,2.095,4.116719,45,52,M,3253.648186
680,0073PM,P,,,35.067,35.887,50,73,M,1318.679308
681,0052PM,P,,,0,1.489,45,52,M,2396.317888
682,0096PM,P,,,5.558,6.56,30,96,M,1612.566875
683,0051PM,P,,,3.196,3.37317,30,51,M,285.1278431
684,0051PM,P,,,0.662,2.923,50,51,M,3638.734085
685,0050PM,P,,,158.227,158.63301,30,50,M,653.4142906
686,0082PM,P,,,2.229,2.837,40,82,M,978.4823588
687,0118PM,P,,,16.366,24.172762,65,118,M,12565.11405
688,0132PM,P,,,48.337,53.989,65,132,M,9096.030789
689,0191NM,N,,,0,2.736627,,191,M,4404.18291
690,0075PM,P,,,0.954,2.026816,55,75,M,1726.533899
691,0050PM,P,,,157.61,158.227,40,50,M,992.9721616
692,0050PM,P,,,131.616,157.354,65,50,M,41421.58038
693,0050PM,P,,,116.818,130.119,65,50,M,21404.32048
694,0050PM,P,,,90.666,116.211,65,50,M,41110.77497
695,0125PM,P,,,6.889,8.618,55,125,M,2782.56075
696,0048PM,P,,,3.506,4.622105,40,48,M,1796.891451
697,0089PM,P,,,86.14,86.648,45,89,M,817.548457
698,0087PM,P,,,37.473,38.087067,50,87,M,988.2455057
699,0048PM,P,,,2.117,2.615,35,48,M,801.7634311
700,0046PM,P,,,9.176,14.265,55,46,M,8189.96756
701,0074PM,P,,,1.909,4.582,45,74,M,4301.78581
702,089APM,P,,,1.799,2.468,45,089A,M,1076.652045
703,0046PM,P,,,0,8.63,60,46,M,13888.66633
704,0045PM,P,,,5.128,36.442,65,45,M,50395.09816
705,0128PM,P,,,11.104,15.004,45,128,M,6276.453963
706,0044PM,P,,,21.854,24.774,50,44,M,4699.295145
707,0132PM,P,,,0.673,4.002,65,132,M,5357.517669
708,0044PM,P,,,16.672,19.901,40,44,M,5196.582443
709,0089PM,P,,,284.931,285.747,55,89,M,1313.231768
710,0141PM,P,,,2.482,5.291,40,141,M,4520.655561
711,0044PM,P,,,11.523,13.449,45,44,M,3099.602937
712,0044PM,P,,,0,11.523,60,44,M,18544.50738
713,0083PM,P,,,18.963,30.717839,65,83,M,18917.61765
714,0080PM,P,,,155.842,170.571,70,80,M,23704.07497
715,0043PM,P,,,7.222,10.571907,40,43,M,5391.16414
716,0040PM,P,,,158.44,175.038218,65,40,M,26712.29526
717,0085PM,P,,,0,3.176,45,85,M,5109.734971
718,0040PM,P,,,150.305,155.508,65,40,M,8373.433398
719,0191PM,P,,,372.997,377.989,50,191,M,8033.861067
720,0040PM,P,,,143.33,144.002,35,40,M,1081.481421
721,0114NM,N,,,0,0.37912,,114,M,610.1351845
722,0040PM,P,,,141.059,142.157,50,40,M,1767.062738
723,0040PM,P,,,124.235,141.059,65,40,M,27075.65835
724,0044PM,P,,,13.449,16.672,50,44,M,5186.926553
725,0040PM,P,,,121.871,124.235,60,40,M,3804.496319
726,0089PM,P,,,89.438,90.383,40,89,M,1520.832572
727,0059PM,P,,,21.87,22.261299,30,59,M,629.7353364
728,0040PM,P,,,116.887,121.398,60,40,M,7259.764868
729,0040PM,P,,,115.79,116.887,50,40,M,1765.454533
730,0106PM,P,,,7.422,9.439197,40,106,M,3246.370083
731,0061PM,P,,,5.319,7.274792,55,61,M,3147.547478
732,0040PM,P,,,114.934,115.79,35,40,M,1377.600531
733,0046PM,P,,,8.63,9.176,40,46,M,878.7040909
734,0040PM,P,,,114.12,114.934,30,40,M,1310.009116
735,0040PM,P,,,109.586,113.696,55,40,M,6614.417173
736,0040PM,P,,,105.802,109.586,65,40,M,6089.769715
737,0091PM,P,,,34.811,38.982,60,91,M,6712.587897
738,0066PM,P,,,7.997,9.307,40,66,M,2108.244665
739,0054PM,P,,,0,0.578,40,54,M,930.2027231
740,0068PM,P,,,23.955,29.366,45,68,M,8708.178041
741,0040PM,P,,,104.809,105.802,55,40,M,1598.082792
742,0040PM,P,,,88.146,104.809,65,40,M,26816.55223
743,0282PM,P,,,1.17,2.95748,35,282,M,2878.190248
744,0062PM,P,,,0,1.317,55,62,M,2119.510695
745,0101PM,P,,,4.873,6.046,40,101,M,1887.764479
746,0198PM,P,,,0.913,3.511,55,198,M,4181.084563
747,0040PM,P,,,55.108,86.029,65,40,M,49762.62636
748,0092PM,P,,,12.602,13.837,30,92,M,1987.543905
749,0063PM,P,,,0.687,1.515,35,63,M,1332.539779
750,0040PM,P,,,40.52,46.065,65,40,M,8923.829518
751,0040PM,P,,,18.242,19.05,50,40,M,1300.352425
752,0201NM,N,,,7.494,10.008,55,201,M,4045.898374
753,0040PM,P,,,12.929,16.297,55,40,M,5420.280048
754,0092PM,P,,,5.23,6.686,45,92,M,2343.2104
755,0042PM,P,,,0,7.38187,65,42,M,11879.99239
756,0040PM,P,,,0,12.929,65,40,M,20807.25081
757,0040NM,N,,,3.164,12.840812,65,40,M,15573.35006
758,0194NM,N,,,1.718,2.659682,50,194,M,1515.493253
759,0040NM,N,,,0,1.045,45,40,M,1681.767746
760,0155PM,P,,,4.971,10.745807,55,155,M,9293.669308
761,0039PM,P,,,36.286,46.028,45,39,M,15678.26006
762,0039PM,P,,,13.858,17.615,55,39,M,6046.317143
763,0089PM,P,,,83.988,85.204,55,89,M,1956.966273
764,0039PM,P,,,8.911,13.313,40,39,M,7084.346294
765,0056PM,P,,,59.705,60.726,45,56,M,1643.142493
766,0039PM,P,,,7.842,8.911,50,39,M,1720.392722
767,0039PM,P,,,6.46,7.842,45,39,M,2224.116549
768,0039PM,P,,,0,3.613,55,39,M,5814.571545
769,0121PM,P,,,0.728,1.6,45,121,M,1403.351016
770,0115PM,P,,,5.645,6.032,50,115,M,622.8180833
771,0089PM,P,,,262.165,262.377,45,89,M,341.1831831
772,0038PM,P,,,13.187,14.599,45,38,M,2272.397687
773,0089PM,P,,,71.715,77.848,65,89,M,9870.126951
774,0095PM,P,,,113.566,121.331684,55,95,M,12497.68132
775,0273PM,P,,,1.952,2.613,35,273,M,1063.777783
776,0173PM,P,,,0,1.53,55,173,M,2462.301081
777,0038PM,P,,,10.311,13.187,55,38,M,4628.483011
778,0193PM,P,,,6.275,9.458077,55,193,M,5122.676168
779,0038PM,P,,,0,8.077,55,38,M,12998.69774
780,0037PM,P,,,2.113,9.21,45,37,M,11421.53623
781,0099PM,P,,,3.496,4.173986,45,99,M,1091.116139
782,0121PM,P,,,22.322,23.545,55,121,M,1968.231508
783,0284PM,P,,,1.414,1.632,15,284,M,350.7128507
784,0036PM,P,,,57.184,65.025,60,36,M,12618.89216
785,0070NM,N,,,68.469,70.804,70,70,M,3757.82579
786,0114PM,P,,,7.788,10.561,50,114,M,4462.71937
787,0036PM,P,,,55.641,56.687,40,36,M,1683.376556
788,0112PM,P,,,1.069,5.956,60,112,M,7864.879621
789,0252PM,P,,,6.568,6.83476,50,252,M,429.309611
790,0036PM,P,,,53.05,55.641,35,36,M,4169.818547
791,0089PM,P,,,254.651,255.182,55,89,M,854.567262
792,0279PM,P,,,9.946,10.904,40,279,M,1541.755464
793,0191PM,P,,,354.305,358.767,55,191,M,7180.907058
794,0036PM,P,,,48.391,51.081,60,36,M,4329.142949
795,0050PM,P,,,89.416092,90.239,45,50,M,1324.344015
796,0036PM,P,,,21.785,47.231,65,36,M,40951.44903
797,0075PM,P,,,0.406,0.954,45,75,M,881.9218477
798,0038PM,P,,,14.599,18.954028,55,38,M,7008.75258
799,0040PM,P,,,19.05,34.792,60,40,M,25334.3439
800,0118PM,P,,,6.85,8.504,55,118,M,2661.860001
801,0089PM,P,,,497.469,498.473,35,89,M,1615.789289
802,0036PM,P,,,20.369,21.785,55,36,M,2278.83596
803,0036PM,P,,,0,20.369,65,36,M,32780.79298
804,0215NM,N,,,2.174,28.724067,70,215,M,42728.27552
805,0039PM,P,,,17.615,19.815,50,39,M,3540.564227
806,0035PM,P,,,41.964,42.853,40,35,M,1430.708873
807,0092PM,P,,,0.729,3.229,55,92,M,4023.368095
808,0035PM,P,,,38.117,41.964,55,35,M,6191.159214
809,0035PM,P,,,37.274,38.117,40,35,M,1356.679548
810,0092PM,P,,,25.056,27.312817,35,92,M,3632.002123
811,0035PM,P,,,29.63,31.402,45,35,M,2851.763278
812,0036PM,P,,,47.231,48.391,40,36,M,1866.843665
813,0035PM,P,,,28.397,29.63,55,35,M,1984.325669
814,0044PM,P,,,19.901,21.854,55,44,M,3143.054112
815,0191PM,P,,,353.898,354.305,50,191,M,655.004507
816,0035PM,P,,,27.295,28.397,45,35,M,1773.499539
817,0035PM,P,,,23.644,27.295,50,35,M,5875.726845
818,0035PM,P,,,12.193,15.891,50,35,M,5951.365543
819,0059PM,P,,,4.461,5.855,55,59,M,2243.429787
820,0118PM,P,,,6.052,6.544,30,118,M,791.798226
821,0035PM,P,,,7.021,12.193,45,35,M,8323.543753
822,0035PM,P,,,5.3,7.021,50,35,M,2769.687602
823,0035PM,P,,,1.31,2.89,50,35,M,2542.768737
824,0282PM,P,,,0,1.17,25,282,M,1881.422448
825,0050PM,P,,,90.239,90.666,55,50,M,687.190937
826,0043PM,P,,,0,7.222,55,43,M,11622.70551
827,0035PM,P,,,0,1.31,35,35,M,2108.244435
828,0032PM,P,,,27.907,29.03433,30,32,M,1814.266215
829,0032PM,P,,,19.716,20.372,50,32,M,1055.730879
830,0032PM,P,,,18.815,19.716,55,32,M,1450.022993
831,0032PM,P,,,13.277,16.993,55,32,M,5980.334538
832,0248PM,P,,,12.576,14.084,55,248,M,2426.895345
833,0032PM,P,,,11.908,13.277,35,32,M,2203.196954
834,0070PM,P,,,21.469,63.928,80,70,M,68331.27316
835,0243PM,P,,,0.699,1.386401,35,243,M,1106.266989
836,0055PM,P,,,2.506,2.945349,45,55,M,707.064372
837,0032PM,P,,,11.008,11.908,45,32,M,1448.411455
838,0089PM,P,,,157.716,157.912,50,89,M,315.4327803
839,0059PM,P,,,19.255,20.67,55,59,M,2277.226938
840,0032PM,P,,,0,9.675,55,32,M,15570.4337
841,0031PM,P,,,32.869,46.897,50,31,M,22575.92309
842,0089PM,P,,,132.961,157.716,65,89,M,39839.39055
843,0066PM,P,,,3.115,4.052,40,66,M,1507.95775
844,0046PM,P,,,20.122,21.612431,55,46,M,2398.620216
845,0038PM,P,,,8.077,8.918,40,38,M,1353.461109
846,0037PM,P,,,0,0.647,30,37,M,1041.248033
847,0073PM,P,,,25.779,31.258,65,73,M,8817.613117
848,0262PM,P,,,22.472,22.674488,35,262,M,325.8737169
849,0031PM,P,,,28.322,32.869,45,31,M,7317.701757
850,0040PM,P,,,17.851,18.242,40,40,M,629.2550051
851,0132PM,P,,,32.114,32.695,55,132,M,935.0310982
852,0032PM,P,,,21.99,27.123,55,32,M,8260.779255
853,0031PM,P,,,18.22,28.322,40,31,M,16257.62555
854,0065PM,P,,,2.471,5.256,45,65,M,4482.031895
855,0031PM,P,,,8.643,18.22,55,31,M,15412.71851
856,0089PM,P,,,499.574,502.025001,50,89,M,3944.524708
857,0055PM,P,,,0.705,1.764,30,55,M,1704.298406
858,0040PM,P,,,155.508,157.178,55,40,M,2687.610593
859,0136PM,P,,,0,3.06403,,136,M,4931.087617
860,0030PM,P,,,109.151,110.189,30,30,M,1668.975601
861,0036PM,P,,,56.687,57.184,50,36,M,799.8462322
862,0030PM,P,,,108.413,109.151,45,30,M,1187.759564
863,0030PM,P,,,98.068,107.437,60,30,M,15078.7537
864,0030PM,P,,,49.448,51.357,55,30,M,3072.243365
865,0157PM,P,,,1.478,2.08,35,157,M,968.8281729
866,0040PM,P,,,157.178,158.44,50,40,M,2030.99579
867,0139PM,P,,,0,1.418695,40,139,M,2283.172346
868,0030PM,P,,,0,49.448,65,30,M,79579.00143
869,0029PM,P,,,17.43,18.384,35,29,M,1535.316982
870,0065PM,P,,,28.137,28.215856,35,65,M,126.9072895
871,0224PM,P,,,7.405,8.422,55,224,M,1636.706571
872,0029PM,P,,,10.295,17.43,55,29,M,11482.69179
873,0055PM,P,,,1.764,2.054,35,55,M,466.7108228
874,0029PM,P,,,4.347,10.295,35,29,M,9572.397982
875,0053PM,P,,,0,1.673,40,53,M,2692.437555
876,0028PM,P,,,42.349,43.668397,55,28,M,2123.368032
877,0072PM,P,,,17.238,31.813,50,72,M,23456.23576
878,0028PM,P,,,39.849,41.293,35,28,M,2323.897346
879,0284PM,P,,,0,0.439,20,284,M,706.5035816
880,0028PM,P,,,38.231,39.849,45,28,M,2603.923464
881,0149PM,P,,,4.157,4.216084,45,149,M,95.08605534
882,0028PM,P,,,30.372,37.891,65,28,M,12100.68133
883,0089PM,P,,,396.376,398.617,60,89,M,3606.558659
884,0030PM,P,,,119.627,124.515,50,30,M,7866.795182
885,0028PM,P,,,29.427,30.372,35,28,M,1520.833553
886,0028PM,P,,,29.275,29.427,45,28,M,244.6199544
887,0138PM,P,,,19.456,20.418763,40,138,M,1549.420457
888,0028PM,P,,,0.378,29.275,65,28,M,46505.30708
889,0089PM,P,,,350.025,364.318,45,89,M,23002.47429
890,0039PM,P,,,46.028,67.835024,55,39,M,35095.07343
891,0028PM,P,,,0,0.378,45,28,M,608.3332774
892,0114PM,P,,,10.561,10.934856,40,114,M,601.6649468
893,0026PM,P,,,2.467,3.742262,35,26,M,2052.339181
894,0190PM,P,,,15.376,15.964,35,190,M,946.2957627
895,0026PM,P,,,0,2.467,45,26,M,3970.259905
896,0199PM,P,,,17.733,20.109,45,199,M,3823.808267
897,0025PM,P,,,7.006,10.003962,35,25,M,4824.761654
898,0089PM,P,,,132.528,132.961,55,89,M,696.8467687
899,0118PM,P,,,15.719,16.366,50,118,M,1041.358362
900,0038PM,P,,,8.918,10.311,45,38,M,2241.820138
901,0025PM,P,,,0,7.006,55,25,M,11275.08654
902,0101PM,P,,,0,0.762,40,101,M,1226.322221
903,0024PM,P,,,115.604,116.946,40,24,M,2159.744034
904,0115PM,P,,,3.943,5.645,55,115,M,2739.108613
905,0035PM,P,,,15.891,23.644,40,35,M,12477.26942
906,0096PM,P,,,6.56,22.777898,55,96,M,26100.22854
907,0024PM,P,,,90.364,94.987,55,24,M,7440.012012
908,0024PM,P,,,69.164,69.745,45,24,M,935.0301119
909,0024PM,P,,,60.905,61.282,50,24,M,606.7239038
910,0209PM,P,,,11.358,11.575,45,209,M,349.2291222
911,0089PM,P,,,470.073,472.193,40,89,M,3411.826921
912,0030PM,P,,,111.439,113.513,40,30,M,3337.915039
913,0079PM,P,,,3.798,5.481,35,79,M,2709.527885
914,0024PM,P,,,59.791,60.905,30,24,M,1792.813141
915,0196PM,P,,,21.692,36.901088,65,196,M,24476.70397
916,0083PM,P,,,0,17.92,65,83,M,28839.50192
917,0024PM,P,,,51.518,51.71,40,24,M,308.9946595
918,0039PM,P,,,13.313,13.858,45,39,M,877.0946529
919,0070PM,P,,,146.616,231.771,80,70,M,137043.9626
920,0201PM,P,,,9.217,16.815,65,201,M,12226.27501
921,0024PM,P,,,79.216,90.364,45,24,M,17941.002
922,0089PM,P,,,228.28,228.93,55,89,M,1046.079397
923,0190PM,P,,,0,1.973,50,190,M,3175.242078
924,0052PM,P,,,1.489,2.095,40,52,M,975.2644927
925,0201PM,P,,,17.695,18.25475,30,201,M,901.4325302
926,0024PM,P,,,0,0.652,50,24,M,1049.293726
927,0024PM,P,,,10.58,51.518,65,24,M,65883.4572
928,0023PM,P,,,28.381,29.849002,60,23,M,2362.524992
929,0104PM,P,,,1.175,1.872,55,104,M,1121.715392
930,0040PM,P,,,86.966,87.295,40,40,M,529.4748464
931,0023PM,P,,,19.813,27.849,60,23,M,12932.71307
932,0023PM,P,,,19.088,19.813,45,23,M,1166.777945
933,0024PM,P,,,57.706,59.791,65,24,M,3355.489299
934,0128PM,P,,,24.38,34.929,45,128,M,16977.00357
935,0303PM,P,,,0,1.698626,,303,M,2733.679575
936,0115PM,P,,,0,0.523,30,115,M,841.6889127
937,0163PM,P,,,0.97,17.785,65,163,M,27061.17276
938,0023PM,P,,,17.587,19.088,35,23,M,2415.629408
939,0040PM,P,,,145.504,149.062,45,40,M,5726.057177
940,0132PM,P,,,54.279,54.999,40,132,M,1158.729657
941,0138PM,P,,,18.811,19.456,50,138,M,1038.028249
942,0023PM,P,,,15.753,17.298,55,23,M,2486.441256
943,0023PM,P,,,8.199,10.164,55,23,M,3162.367531
944,0189PM,P,,,3.515,4.401,45,189,M,1425.880656
945,0023PM,P,,,2.891,6.45,55,23,M,5727.667307
946,0024PM,P,,,55.987,56.461,40,24,M,762.8307935
947,0035PM,P,,,32.541,37.274,55,35,M,7617.039974
948,0023PM,P,,,0,0.404,45,23,M,650.176442
949,0023PM,P,,,27.849,28.381,45,23,M,856.1734524
950,0077PM,P,,,8.895,9.103296,35,77,M,335.2206529
951,0089PM,P,,,382.331,385.041,50,89,M,4361.345069
952,0062PM,P,,,1.317,2.196,40,62,M,1414.615417
953,0030PM,P,,,56.409,90.873,65,30,M,55462.95054
954,0022PM,P,,,0,2.085,45,22,M,3355.488316
955,0021PM,P,,,104.973,106.777,55,21,M,2903.262293
956,0021PM,P,,,77.801,78.135,45,21,M,537.5225758
957,0056PM,P,,,60.726,61.506791,35,56,M,1256.565096
958,0021PM,P,,,77.015,77.341,25,21,M,524.6476638
959,0115PM,P,,,1.655,2.59,50,115,M,1504.739201
960,0029PM,P,,,19.952,21.793645,55,29,M,2963.846764
961,0084PM,P,,,91.51,92.929,65,84,M,2283.66417
962,0089PM,P,,,181.734,184.209,60,89,M,3983.133982
963,0024PM,P,,,67.241,67.85,55,24,M,980.0934201
964,0040PM,P,,,34.792,40.52,55,40,M,9218.341812
965,0034PM,P,,,0,2.168501,30,34,M,3489.871624
966,0021PM,P,,,75.786,76.389,55,21,M,970.4357326
967,0111PM,P,,,2.808,8.607,60,111,M,9332.603615
968,0024PM,P,,,0.652,8.197,65,24,M,12142.52599
969,0065PM,P,,,27.045,28.137,40,65,M,1757.407466
970,0021PM,P,,,1.677,75.786,65,21,M,119267.1134
971,0029PM,P,,,0,4.347,50,29,M,6995.832167
972,0064PM,P,,,0,1.947,35,64,M,3133.39917
973,0119PM,P,,,0,4.174,60,119,M,6717.415283
974,0020PM,P,,,11.872,20.556572,65,20,M,13976.4903
975,0061PM,P,,,4.574,5.319,40,61,M,1198.963752
976,0111PM,P,,,1.515,2.808,50,111,M,2080.886218
977,0032PM,P,,,16.993,18.815,35,32,M,2932.229528
978,0024PM,P,,,52.9,55.111,65,24,M,3558.266888
979,0113PM,P,,,3.312,4.738,35,113,M,2294.92879
980,0199PM,P,,,0,7.775,60,199,M,12512.67466
981,0020PM,P,,,10.385,11.872,35,20,M,2393.100102
982,0089PM,P,,,81.199,81.668,45,89,M,754.7827898
983,0121PM,P,,,0,0.728,35,121,M,1171.604701
984,0132PM,P,,,34.172,34.85,45,132,M,1091.137415
985,0191PM,P,,,71.337,72.686,30,191,M,2171.008731
986,0018PM,P,,,40.737,50.991582,65,18,M,16503.1824
987,0068PM,P,,,32.294,33.168,45,68,M,1406.568715
988,0071PM,P,,,4.544,12.775,40,71,M,13246.53745
989,0150PM,P,,,0,0.68,35,150,M,1094.355616
990,0044PM,P,,,27.366,27.939898,40,44,M,923.600475
991,0121PM,P,,,35.926,38.808,50,121,M,4638.138602
992,0018PM,P,,,34.325,40.737,55,18,M,10319.13438
993,0018PM,P,,,12.251,12.775,55,18,M,843.2972722
994,0119PM,P,,,4.174,6.594,55,119,M,3894.620505
995,0018PM,P,,,3.733,7.166,55,18,M,5524.889391
996,0018PM,P,,,0,3.733,45,18,M,6007.692385
997,0024PM,P,,,8.197,8.822,40,24,M,1005.841493
998,0070NM,N,,,22.808,68.469,80,70,M,73484.40375
999,0085PM,P,,,3.176,12.095,55,85,M,14354.56988
1000,0018NM,N,,,0,0.586776,45,18,M,944.3263223
1001,0089PM,P,,,336.867,345.31,40,89,M,13587.76405
1002,0130PM,P,,,2.685,2.928,40,130,M,391.0717984
1003,0100PM,P,,,0.619,16.944672,55,100,M,26273.67591
1004,0024PM,P,,,112.707,115.604,55,24,M,4662.277843
1005,0030PM,P,,,107.437,108.413,55,30,M,1570.803963
1006,0040PM,P,,,121.398,121.871,50,40,M,761.2215131
1007,0017PM,P,,,4.338,6.055438,60,17,M,2763.953188
1008,0016PM,P,,,21.555,28.996238,65,16,M,11975.53553
1009,0156PM,P,,,0,1.387574,30,156,M,2233.08797
1010,0087PM,P,,,0.409,0.7,40,87,M,468.3203341
1011,0314PM,P,,,0,0.777459,,314,M,1251.201763
1012,0030PM,P,,,113.513,119.627,55,30,M,9839.931552
1013,0070PM,P,,,138.822,146.616,60,70,M,12543.25195
1014,0071PM,P,,,3.938,4.544,45,71,M,975.2639033
1015,0016PM,P,,,19.96,20.272,40,16,M,502.1157632
1016,0015PM,P,,,366.617,400.887724,80,15,M,55153.49397
1017,0084PM,P,,,107.194,119.957841,70,84,M,20541.45187
1018,0070NM,N,,,70.804,73.266,65,70,M,3962.21202
1019,0186PM,P,,,0,0.317,40,186,M,510.1638701
1020,0015PM,P,,,346.07,366.617,75,15,M,33067.25774
1021,0089PM,P,,,103.639,104.112,55,89,M,761.2215436
1022,0127PM,P,,,0,2.511835,45,127,M,4042.414798
1023,0016PM,P,,,20.955,21.555,55,16,M,965.6092573
1024,0015PM,P,,,280.168,280.737,60,15,M,915.7186191
1025,0048PM,P,,,2.615,3.506,50,48,M,1434.480238
1026,0015PM,P,,,256.675,280.168,70,15,M,37808.39383
1027,0089PM,P,,,381.924,382.331,45,89,M,655.0064848
1028,0111PM,P,,,8.607,10.622038,35,111,M,3242.896532
1029,0143PM,P,,,1.484,2.42,40,143,M,1506.34859
1030,0045PM,P,,,0,5.128,50,45,M,8252.732763
1031,0040PM,P,,,144.959,145.504,35,40,M,877.094125
1032,0015PM,P,,,241.916,256.675,75,15,M,23752.35544
1033,0089PM,P,,,256.898,257.342,50,89,M,714.5531569
1034,0030PM,P,,,110.189,111.439,35,30,M,2011.762273
1035,0015PM,P,,,139.097,141.868,75,15,M,4459.501876
1036,0132PM,P,,,46.541,46.915,45,132,M,601.8965577
1037,0224PM,P,,,2.91,4.141,40,224,M,1981.106793
1038,0126PM,P,,,6.232,10.872,45,126,M,7467.37163
1039,0015PM,P,,,63.147,139.097,80,15,M,122229.92
1040,0040PM,P,,,87.744,88.146,55,40,M,646.9579488
1041,0015PM,P,,,56.518,63.147,75,15,M,10668.36426
1042,0186PM,P,,,5.125,8.473,40,186,M,5388.09348
1043,0031PM,P,,,0,0.663,35,31,M,1066.997738
1044,0015PM,P,,,16.611,56.518,80,15,M,64224.21853
1045,0015PM,P,,,14.145,16.611,75,15,M,3968.650643
1046,0015PM,P,,,11.731,13.629,75,15,M,3054.54219
1047,0089PM,P,,,64.741,65.241,35,89,M,804.673914
1048,0015PM,P,,,0,11.731,70,15,M,18879.25181
1049,0015NM,N,,,372.373,401.03235,80,15,M,46122.84532
1050,0021PM,P,,,79.668,104.973,65,21,M,40724.53155
1051,0089PM,P,,,411.939,413.378,40,89,M,2315.858363
1052,0089PM,P,,,104.112,114.604,65,89,M,16885.27052
1053,0015NM,N,,,259.159,348.799,70,15,M,144261.8858
1054,0313PM,P,,,3.261,3.519,25,313,M,415.2123936
1055,0056PM,P,,,25.68,31.376,65,56,M,9166.842004
1056,0023PM,P,,,17.298,17.587,45,23,M,465.1018115
1057,0087PM,P,,,0,0.409,30,87,M,658.2223171
1058,0262PM,P,,,0,22.472,55,262,M,36165.25056
1059,0015NM,N,,,63.216,64.756,75,15,M,2478.394476
1060,0320PM,P,,,0,2.729071,,320,M,4392.023851
1061,0015NM,N,,,63.215,63.216,70,15,M,1.609059973
1062,0030PM,P,,,90.873,92.072,55,30,M,1929.707719
1063,0015NM,N,,,58.198,63.215,75,15,M,8074.095532
1064,0024PM,P,,,8.822,9.63,50,24,M,1300.3528
1065,0126PM,P,,,14.376,16.518,50,126,M,3447.222822
1066,0037PM,P,,,9.21,12.348276,50,37,M,5050.576391
1067,0023PM,P,,,6.654,7.865,35,23,M,1948.919678
1068,0015PM,P,,,280.737,346.07,70,15,M,105143.4821
1069,0021PM,P,,,107.08,107.658381,35,21,M,930.81727
1070,0040PM,P,,,46.065,55.108,55,40,M,14553.32659
1071,0210PM,P,,,9.87,9.883,15,210,M,20.92147707
1072,0135PM,P,,,0,0.731243,40,135,M,1176.825011
1073,0015NM,N,,,50.612,58.198,80,15,M,12208.5077
1074,0296PM,P,,,0,1.442199,,296,M,2320.998821
1075,0154PM,P,,,0.93,11.895,60,154,M,17646.49198
1076,0089PM,P,,,255.182,255.428,45,89,M,395.8996747
1077,0030PM,P,,,97.388,98.068,55,30,M,1094.412697
1078,0015NM,N,,,17.31,18.308,65,15,M,1606.128569
1079,0164PM,P,,,0,0.247,45,164,M,397.5084154
1080,0015NM,N,,,12.627,17.31,75,15,M,7536.572677
1081,0015NM,N,,,41.474,50.612,80,15,M,14706.21458
1082,0189PM,P,,,8.281,18.517,55,189,M,16473.27864
1083,0015NM,N,,,1.644,12.627,70,15,M,17675.461
1084,0015NM,N,,,0,1.644,70,15,M,2645.76647
1085,0040PM,P,,,86.029,86.343,40,40,M,505.3340385
1086,0024PM,P,,,51.71,52.9,30,24,M,1915.122599
1087,0301PM,P,,,0.377,1.039,30,301,M,1065.387549
1088,0084PM,P,,,88.603,88.603,65,84,M,
1089,0126PM,P,,,11.373,14.376,55,126,M,4832.86863
1090,0209PM,P,,,1.191,1.979,40,209,M,1268.16557
1091,0143PM,P,,,13.071,14.647,30,143,M,2536.331826
1092,0014PM,P,,,17.196,40.456281,50,14,M,37433.86866
1093,0066PM,P,,,12.497,13.783,30,66,M,2069.620646
1094,0121PM,P,,,24.009,26.624,55,121,M,4208.44303
1095,0039PM,P,,,19.815,36.286,55,39,M,26507.55786
1096,0087PM,P,,,21.013,21.413,30,87,M,643.7389047
1097,0275PM,P,,,0,3.824877,45,275,M,6155.554767
1098,0014PM,P,,,12.048,17.196,40,14,M,8284.920425
1099,0020PM,P,,,0,10.385,65,20,M,16713.07079
1100,0071PM,P,,,19.002,22.493402,40,71,M,5618.876709
1101,0076PM,P,,,0,2.433842,30,76,M,3916.896947
1102,0024PM,P,,,9.63,10.427,40,24,M,1282.649233
1103,0014PM,P,,,0.692,12.048,50,14,M,18275.74621
1104,0083PM,P,,,17.92,18.963,55,83,M,1678.549672
1105,0301PM,P,,,1.039,2.038045,35,301,M,1607.809624
1106,0269PM,P,,,1.274,1.548,35,269,M,441.4513598
1107,0032PM,P,,,9.675,10.153,45,32,M,769.2684024
1108,0015NM,N,,,348.799,372.373,75,15,M,37938.75085
1109,0030PM,P,,,92.072,97.388,60,30,M,8555.730967
1110,0089PM,P,,,375.088,378.523,35,89,M,5528.125319
1111,0134PM,P,,,12.628,14.133,55,134,M,2422.066945
1112,0013PM,P,,,12.328,13.993,40,13,M,2679.562094
1113,0115PM,P,,,7.629,7.918,35,115,M,465.1011848
1114,0014PM,P,,,0,0.692,30,14,M,1113.668502
1115,0037PM,P,,,0.647,2.113,40,37,M,2359.303227
1116,0013PM,P,,,9.249,12.034,55,13,M,4482.033158
1117,0013PM,P,,,7.798,8.452,40,13,M,1052.512415
1118,0013PM,P,,,3.341,5.912,55,13,M,4137.630625
1119,0096PM,P,,,0,5.558,55,96,M,8944.75131
1120,0012PM,P,,,87.548,92.435,60,12,M,7864.879921
1121,0040PM,P,,,86.343,86.966,30,40,M,1002.623779
1122,0012PM,P,,,79.752,83.539,55,12,M,6094.597524
1123,0118PM,P,,,9.229,10.182,55,118,M,1533.708813
1124,0018PM,P,,,12.775,19.876,65,18,M,11427.97489
1125,0012PM,P,,,71.783,72.737,55,12,M,1535.317276
1126,0130PM,P,,,41.762,42.715159,35,130,M,1533.963435
1127,0198PM,P,,,5.668,6.036,40,198,M,592.2396882
1128,0013PM,P,,,0,1.198,35,13,M,1927.998583
1129,0012PM,P,,,69.081,71.783,30,12,M,4348.455855
1130,0089PM,P,,,262.377,263.868,35,89,M,2399.544228
1131,0039PM,P,,,3.613,5.804,50,39,M,3526.079738
1132,0091PM,P,,,16.167,17.254,65,91,M,1749.359864
1133,0012PM,P,,,60.182,60.827,40,12,M,1038.028837
1134,0101PM,P,,,13.574,14.284,30,101,M,1142.636259
1135,0012PM,P,,,58.638,59.024,40,12,M,621.2083201
1136,0013PM,P,,,12.034,12.328,50,13,M,473.1479927
1137,0012PM,P,,,57.698,58.638,50,12,M,1512.78573
1138,0017PM,P,,,0,2.756,50,17,M,4435.361214
1139,0147PM,P,,,15.06,18.130868,35,147,M,4942.092907
1140,0013PM,P,,,2.658,3.341,40,13,M,1099.185254
1141,0056PM,P,,,25.026,25.68,55,56,M,1052.512798
1142,0012PM,P,,,41.447,57.698,60,12,M,26153.50203
1143,0089NM,N,,,0,1.546,50,89,M,2487.71451
1144,0089PM,P,,,63.098,63.229,45,89,M,210.8234192
1145,0012PM,P,,,40.42,41.447,30,12,M,1652.79902
1146,0023PM,P,,,6.45,6.654,45,23,M,328.3056279
1147,0133PM,P,,,1.196,1.586,45,133,M,627.6457613
1148,0040PM,P,,,144.002,144.959,30,40,M,1540.145482
1149,0018PM,P,,,19.876,20.767,40,18,M,1433.928143
1150,0012PM,P,,,29.655,40.42,60,12,M,17324.6239
1151,0065PM,P,,,0,2.471,50,65,M,3976.69728
1152,0198PM,P,,,0,0.913,45,198,M,1469.333807
1153,0186PM,P,,,2.901,5.125,35,186,M,3579.188638
1154,0132PM,P,,,54.999,56.012,30,132,M,1630.268701
1155,0035PM,P,,,31.402,32.541,50,35,M,1833.046933
1156,0024PM,P,,,116.946,117.3,55,24,M,569.7088399
1157,0032PM,P,,,20.372,21.333,35,32,M,1546.582685
1158,0015NM,N,,,64.756,141.729,80,15,M,123876.2839
1159,0132PM,P,,,34.85,41.753,55,132,M,11109.32343
1160,0079PM,P,,,1.974,3.453,45,79,M,2380.223581
1161,0089PM,P,,,165.474,179.12,65,89,M,21961.15169
1162,0012PM,P,,,28.865,29.655,40,12,M,1271.383885
1163,0055PM,P,,,2.054,2.506,40,55,M,727.4249333
1164,0012PM,P,,,22.081,25.248,60,12,M,5096.801888
1165,0012PM,P,,,15.015,17.183,50,12,M,3489.064938
1166,0126PM,P,,,16.518,20.634,55,126,M,6624.0725
1167,0089PM,P,,,5.519,7.589,55,89,M,3331.347989
1168,0089PM,P,,,277.746,278.762,35,89,M,1635.102519
1169,0089PM,P,,,378.523,380.671,30,89,M,3456.888313
1170,0028PM,P,,,41.293,42.349,45,28,M,1699.471411
1171,0019PM,P,,,0,3.361,40,19,M,5409.015831
1172,0080PM,P,,,125.883,155.842,65,80,M,48214.43338
1173,0012PM,P,,,14.624,15.015,40,12,M,629.2552116
1174,0015NM,N,,,144.068,244.136,80,15,M,161044.1579
1175,0012PM,P,,,60.827,69.081,60,12,M,13283.5523
1176,0012PM,P,,,13.331,14.624,55,12,M,2080.885569
1177,0012PM,P,,,7.313,13.331,65,12,M,9685.051444
1178,0024PM,P,,,61.282,67.241,65,24,M,9590.099443
1179,0031PM,P,,,0.663,8.643,40,31,M,12842.59017
1180,0068PM,P,,,60.978,62.743,45,68,M,2840.497429
1181,0070PM,P,,,70.725,74.895,70,70,M,6710.977162
1182,0030PM,P,,,51.357,54.642,65,30,M,5286.705901
1183,0024PM,P,,,55.111,55.987,35,24,M,1409.787667
1184,0012PM,P,,,0,2.505,55,12,M,4031.414914
1185,0010PM,P,,,47.801,48.43,45,10,M,1012.278974
1186,0087PM,P,,,27.952,28.811,45,87,M,1382.42949
1187,0198PM,P,,,3.912,5.178,35,198,M,2037.43345
1188,0010PM,P,,,48.43,49.137,55,10,M,1137.808506
1189,0171PM,P,,,1.569,5.604,45,171,M,6493.716183
1190,0024PM,P,,,10.427,10.58,50,24,M,246.2299498
1191,0089PM,P,,,308.219,324.854,55,89,M,26771.57751
1192,0164PM,P,,,0.247,2.741601,55,164,M,4014.67944
1193,0010PM,P,,,46.354,46.643,45,10,M,465.1024793
1194,0118PM,P,,,5.062,5.229,45,118,M,268.7615365
1195,0114PM,P,,,0,1.835,35,114,M,2953.151934
1196,0012PM,P,,,26.085,28.865,60,12,M,4473.984776
1197,0089PM,P,,,64.164,64.741,30,89,M,928.5937487
1198,0012PM,P,,,17.183,17.439,40,12,M,411.9922604
1199,0015PM,P,,,13.629,14.145,65,15,M,830.4219877
1200,0092PM,P,,,3.229,5.23,50,92,M,3220.302875
1201,0087PM,P,,,28.811,30.4,50,87,M,2557.252742
1202,0010PM,P,,,39.146,46.354,65,10,M,11600.17454
1203,0114PM,P,,,2.487,7.788,45,114,M,8531.150051
1204,0248PM,P,,,14.084,14.502036,35,248,M,672.7655191
1205,0063PM,P,,,1.515,2.64626,55,63,M,1820.590964
1206,0012PM,P,,,17.439,18.483,50,12,M,1680.158371
1207,0113PM,P,,,2.745,3.312,40,113,M,912.4991848
1208,0126PM,P,,,5.016,6.232,40,126,M,1956.965832
1209,0010PM,P,,,38.689,39.146,55,10,M,735.4715293
1210,0010PM,P,,,37.397,37.739,45,10,M,550.3975917
1211,0010PM,P,,,63.864,65.692,55,10,M,2941.887391
1212,0010PM,P,,,26.522,27.3,35,10,M,1252.071712
1213,0261PM,P,,,7.145,9.648,15,261,M,4028.196448
1214,0080NM,N,,,100.851,114.808,75,80,M,22461.65895
1215,0010PM,P,,,24.801,25.255,55,10,M,730.6430009
1216,0010PM,P,,,13.567,24.801,65,10,M,18079.40754
1217,0211PM,P,,,9.213,18.957217,50,211,M,15681.82897
1218,0046PM,P,,,14.265,18.917,60,46,M,7486.682949
1219,0072PM,P,,,11.634,15.879,55,72,M,6831.678478
1220,0010PM,P,,,37.739,38.689,35,10,M,1528.879698
1221,0010PM,P,,,13.235,13.567,65,10,M,534.3019587
1222,0010PM,P,,,11.898,12.182,45,10,M,457.0543556
1223,0048PM,P,,,0,2.117,40,48,M,3405.436706
1224,0190PM,P,,,7.062,15.376,45,190,M,13380.11294
1225,0117PM,P,,,8.041,8.278,45,117,M,381.4151973
1226,0010PM,P,,,0,11.898,65,10,M,19148.01336
1227,0024PM,P,,,117.3,160.511598,65,24,M,69542.46559
1228,0010PM,P,,,27.702,37.397,65,10,M,15602.62074
1229,0013PM,P,,,1.846,2.658,35,13,M,1306.788894
1230,0040NM,N,,,1.045,3.164,55,40,M,3410.206361
1231,0009PM,P,,,30.679,44.876,30,9,M,22847.90248
1232,0089PM,P,,,348.235,348.966,30,89,M,1176.436228
1233,0035PM,P,,,42.853,61.866228,55,35,M,30598.88709
1234,0059PM,P,,,10.599,19.255,65,59,M,13930.50918
1235,0009PM,P,,,27.387,29.533,40,9,M,3453.659514
1236,0050PM,P,,,157.354,157.61,50,50,M,411.9950754
1237,0009PM,P,,,19.013,19.626,55,9,M,986.5293129
1238,0081PM,P,,,1.745,2.489074,35,81,M,1197.473005
1239,0060PM,P,,,6.171,7.420704,45,60,M,2011.207373
1240,0046PM,P,,,18.917,20.122,40,46,M,1939.263943
1241,0010PM,P,,,65.692,68.056,45,10,M,3804.496604
1242,0009PM,P,,,17.608,19.013,45,9,M,2261.132735
1243,0198PM,P,,,13.697,15.752847,45,198,M,3308.571567
1244,0040PM,P,,,142.157,143.33,45,40,M,1887.764583
1245,0009PM,P,,,12.783,14.545,55,9,M,2835.669491
1246,0077PM,P,,,4.043,6.635,50,77,M,4171.428325
1247,0017PM,P,,,2.756,4.338,40,17,M,2545.986747
1248,0203PM,P,,,5.414,6.139196,50,203,M,1167.092372
1249,0009PM,P,,,17.101,17.608,55,9,M,815.940305
1250,0130PM,P,,,10.422,41.762,65,130,M,50436.94139
1251,0009PM,P,,,8.387,9.003,40,9,M,991.3571566
1252,0095PM,P,,,0,25.462,65,95,M,40977.19959
1253,0101PM,P,,,3.5,4.45,40,101,M,1528.879664
1254,0161PM,P,,,0,0.91,55,161,M,1464.505786
1255,0009PM,P,,,4.253,7.313,55,9,M,4924.601634
1256,0015NM,N,,,244.136,259.159,75,15,M,24177.22227
1257,0077PM,P,,,0,0.708,45,77,M,1139.417633
1258,0023PM,P,,,0.404,2.591,35,23,M,3519.641936
1259,0023PM,P,,,2.591,2.891,45,23,M,482.8043635
1260,0089PM,P,,,77.848,81.199,55,89,M,5392.922647
1261,0089PM,P,,,431.449,433.282,50,89,M,2949.942828
1262,0118PM,P,,,5.229,6.052,35,118,M,1324.492515
1263,0010PM,P,,,25.255,26.522,45,10,M,2039.043323
1264,0016PM,P,,,20.736,20.955,40,16,M,352.4464488
1265,0151PM,P,,,0,2.618,40,151,M,4213.270986
1266,0009PM,P,,,0,3.668,60,9,M,5903.085587
1267,0133PM,P,,,6.123,7.174329,35,133,M,1691.952918
1268,0016PM,P,,,20.272,20.736,30,16,M,746.737799
1269,0224PM,P,,,11.006,11.652447,45,224,M,1040.357812
1270,0007PM,P,,,18.06,18.354984,55,7,M,474.7314584
1271,0007NM,N,,,0,2.653,45,7,M,4269.59776
1272,0012PM,P,,,20.579,21.576,40,12,M,1604.518503
1273,0191PM,P,,,124.833,125.408,35,191,M,925.374746
1274,0022PM,P,,,2.085,3.021,30,22,M,1506.349632
1275,0010PM,P,,,27.3,27.702,45,10,M,646.9576276
1276,0010PM,P,,,12.182,12.994,35,10,M,1306.790099
1277,0089PM,P,,,86.648,89.438,55,89,M,4490.079053
1278,0009PM,P,,,10.103,12.783,40,9,M,4313.050742
1279,0023PM,P,,,10.164,15.753,60,23,M,8994.641369
1280,0006PM,P,,,247.587,248.424,45,6,M,1347.024078
1281,0032PM,P,,,21.333,21.99,45,32,M,1057.341625
1282,0102PM,P,,,15.423,16.02,40,102,M,960.7803782
1283,0104PM,P,,,1.872,2.616,45,104,M,1195.996285
1284,0106PM,P,,,6.823,7.422,35,106,M,963.9992622
1285,0252PM,P,,,4.276,6.568,55,252,M,3688.624374
1286,0060PM,P,,,0.676,3.082,35,60,M,3872.088564
1287,0009PM,P,,,7.313,8.387,45,9,M,1728.439681
1288,0016PM,P,,,19.403,19.96,55,16,M,896.4060308
1289,0087PM,P,,,0.7,1.495,50,87,M,1279.430889
1290,0012PM,P,,,85.545,87.548,40,12,M,3223.521429
1291,0084NM,N,,,81.161,91.95,70,84,M,17363.24715
1292,0012PM,P,,,5.028,7.313,55,12,M,3677.358011
1293,0007NM,N,,,2.653,5.665712,65,7,M,4848.501056
1294,0271PM,P,,,0,3.354,55,271,M,5397.750827
1295,0006PM,P,,,233.821,241.963,65,6,M,13103.3041
1296,0013PM,P,,,8.452,9.249,50,13,M,1282.64916
1297,0010PM,P,,,12.994,13.235,45,10,M,387.8534457
1298,0006PM,P,,,246.489,247.587,40,6,M,1767.063388
1299,0051PM,P,,,0,0.662,45,51,M,1065.387588
1300,0311PM,P,,,0,2.382,50,311,M,3833.465362
1301,0006PM,P,,,233.184,233.821,55,6,M,1025.15428
1302,0009PM,P,,,14.545,17.101,65,9,M,4113.491131
1303,0015NM,N,,,141.729,144.068,75,15,M,3764.262884
1304,0291PM,P,,,0,0.571535,,291,M,919.7971356
1305,0006PM,P,,,230.594,233.184,10,6,M,4168.209002
1306,0068PM,P,,,68.408,70.234,35,68,M,2938.667356
1307,0059PM,P,,,20.67,21.87,40,59,M,1931.216356
1308,0084NM,N,,,96.039,114.763,75,84,M,30133.41689
1309,0189PM,P,,,18.517,22.529,60,189,M,6456.69988
1310,0006PM,P,,,228.649,230.594,55,6,M,3130.181039
1311,0024PM,P,,,69.745,79.216,55,24,M,15242.12821
1312,0102PM,P,,,17.737,19.726,55,102,M,3200.991968
1313,0023PM,P,,,7.865,8.199,45,23,M,537.5222412
1314,0065PM,P,,,14.104,27.045,55,65,M,20826.56218
1315,0021PM,P,,,0.961,1.677,40,21,M,1152.293032
1316,0006PM,P,,,241.963,246.3,60,6,M,6979.739759
1317,0066PM,P,,,9.307,11.65,50,66,M,3770.701021
1318,0256PM,P,,,0,1.436,55,256,M,2311.022805
1319,0191PM,P,,,38.909,40.269,50,191,M,2188.712009
1320,0101PM,P,,,6.772,7.926,25,101,M,1857.186534
1321,0016PM,P,,,0,9.724,65,16,M,15649.29245
1322,0021PM,P,,,106.777,107.08,45,21,M,487.6313255
1323,0051PM,P,,,2.923,3.196,40,51,M,439.3522682
1324,0006PM,P,,,221.042,228.649,60,6,M,12242.30299
1325,0121PM,P,,,9.429,9.81,40,121,M,613.1617537
1326,0012PM,P,,,21.576,22.081,50,12,M,812.7206911
1327,0006PM,P,,,175.161,182.139,60,6,M,11230.02547
1328,0056PM,P,,,31.376,31.691,55,56,M,506.9438849
1329,0024PM,P,,,56.461,57.706,55,24,M,2003.636819
1330,0089PM,P,,,276.978,277.746,45,89,M,1235.98219
1331,0142PM,P,,,16.668,17.320437,40,142,M,1049.998257
1332,0013PM,P,,,1.198,1.846,30,13,M,1042.856769
1333,0024PM,P,,,94.987,112.707,65,24,M,28517.63383
1334,0079PM,P,,,0.947,1.974,55,79,M,1652.80098
1335,0089PM,P,,,486.721,491.443,55,89,M,7599.361535
1336,0058PM,P,,,0,0.897,35,58,M,1443.584254
1337,0006PM,P,,,173.659,175.161,50,6,M,2417.239581
1338,0012PM,P,,,92.435,113.662,40,12,M,34161.61373
1339,0271PM,P,,,4.214,5.585374,55,271,M,2207.016022
1340,0029PM,P,,,18.384,19.952,50,29,M,2523.457163
1341,0143PM,P,,,9.001,13.071,40,143,M,6550.04277
1342,0045PM,P,,,37.167,38.26,40,45,M,1759.016289
1343,0132PM,P,,,5.509,32.114,65,132,M,42816.6827
1344,0006PM,P,,,159.076,173.659,35,6,M,23469.11073
1345,0006PM,P,,,158.792,159.076,50,6,M,457.0551356
1346,0270PM,P,,,0,0.750341,30,270,M,1207.558676
1347,0154PM,P,,,21.576,24.017,55,154,M,3928.417214
1348,0040PM,P,,,87.295,87.744,45,40,M,722.5965807
1349,0012PM,P,,,2.505,5.028,45,12,M,4060.383449
1350,0087PM,P,,,23.013,27.952,55,87,M,7948.56585
1351,0040PM,P,,,16.297,17.851,35,40,M,2500.925977
1352,0006PM,P,,,152.465,153.15,40,6,M,1102.401813
1353,0054PM,P,,,0.578,1.342527,45,54,M,1230.389133
1354,0006PM,P,,,150.219,152.465,65,6,M,3614.593857
1355,0021PM,P,,,78.135,79.668,55,21,M,2467.129078
1356,0072PM,P,,,4.291,4.95,30,72,M,1060.559634
1357,0010PM,P,,,46.643,47.801,35,10,M,1863.624151
1358,0006PM,P,,,250.926,300.958175,65,6,M,80519.14095
1359,0006PM,P,,,149.61,150.219,50,6,M,980.0923976
1360,0105PM,P,,,0,1.125683,35,105,M,1811.614641
1361,0012PM,P,,,72.737,79.752,35,12,M,11289.57092
1362,0149PM,P,,,0,4.157,55,149,M,6690.056243
1363,0009PM,P,,,26.689,27.387,55,9,M,1123.324927
1364,0121PM,P,,,26.624,35.521,60,121,M,14318.3626
1365,0006PM,P,,,144.006,149.61,65,6,M,9018.781405
1366,0008PM,P,,,0,1.313375,40,8,M,2113.676393
1367,0024PM,P,,,67.85,69.164,30,24,M,2114.682484
1368,0036PM,P,,,65.025,66.197811,55,36,M,1887.458928
1369,0015NM,N,,,18.308,41.474,80,15,M,37282.1382
1370,0121PM,P,,,35.521,35.926,55,121,M,651.7856096
1371,0115PM,P,,,0.934,1.655,45,115,M,1160.339189
1372,0143PM,P,,,2.991,3.251,35,143,M,418.4303073
1373,0032PM,P,,,10.153,11.008,35,32,M,1375.992663
1374,0154PM,P,,,11.895,19.195,55,154,M,11748.23529
1375,0015PM,P,,,141.868,241.916,80,15,M,161011.9707
1376,0264PM,P,,,4.295,8.303,45,264,M,6450.263779
1377,0056PM,P,,,31.691,55.618,65,56,M,38506.85094
1378,0036PM,P,,,51.081,52.754,55,36,M,2692.439278
1379,0006PM,P,,,141.08,144.006,60,6,M,4708.950373
1380,0121PM,P,,,23.545,24.009,40,121,M,746.7369311
1381,0032PM,P,,,27.123,27.907,45,32,M,1261.727665
1382,0039PM,P,,,5.804,6.46,40,39,M,1055.73258
1383,0159PM,P,,,0,8.024835,65,159,M,12914.74671
1384,0012PM,P,,,83.539,85.545,35,12,M,3228.351616
1385,0030PM,P,,,54.642,56.409,55,30,M,2843.716407
1386,0006PM,P,,,140.6,141.08,40,6,M,772.4867262
1387,0070PM,P,,,74.895,138.822,80,70,M,102880.7399
1388,0101PM,P,,,4.45,4.873,35,101,M,680.753365
1389,0006PM,P,,,139.507,140.6,30,6,M,1759.017036
1390,0162PM,P,,,13.953,15.048,35,162,M,1762.23529
1391,0006PM,P,,,153.15,155.872,65,6,M,4380.643451
1392,0050PM,P,,,131.363,131.616,50,50,M,407.1672846
1393,0021PM,P,,,0,0.961,65,21,M,1546.582646
1394,0050PM,P,,,130.119,131.363,35,50,M,2002.037349
1395,0165PM,P,,,8.674,10.108,55,165,M,2307.804429
1396,0006PM,P,,,139.256,139.507,45,6,M,403.9452577
1397,0090PM,P,,,0,0.556,40,90,M,894.7972514
1398,0006PM,P,,,249.824,250.926,55,6,M,1773.500123
1399,0132PM,P,,,56.166,58.998,60,132,M,4557.671039
1400,0006PM,P,,,87.716,89.692,30,6,M,3180.069697
1401,0006PM,P,,,248.424,249.824,50,6,M,2253.086407
1402,0089PM,P,,,428.489,431.449,55,89,M,4763.681748
1403,0028PM,P,,,37.891,38.231,55,28,M,547.1783924
1404,0009PM,P,,,29.533,30.679,35,9,M,1844.311038
1405,0009PM,P,,,44.876,57.112374,55,9,M,19692.57552
1406,0089PM,P,,,242.371,242.803,55,89,M,695.2400444
1407,0018PM,P,,,7.166,12.251,65,18,M,8183.531417
1408,0120PM,P,,,2.972,3.874461,45,120,M,1452.372692
1409,0018PM,P,,,20.767,34.325,65,18,M,21819.53001
1410,0021PM,P,,,77.341,77.801,35,21,M,740.2993631
1411,0050PM,P,,,116.211,116.818,45,50,M,976.8733959
1412,0006PM,P,,,155.872,158.792,60,6,M,4699.293498
1413,0101PM,P,,,6.046,6.772,45,101,M,1168.38635
1414,0036PM,P,,,52.754,53.05,45,36,M,476.3661145
1415,0031PM,P,,,46.897,47.707673,40,31,M,1304.654415
1416,0012PM,P,,,25.248,26.085,40,12,M,1347.024533
1417,0007PM,P,,,0,18.06,65,7,M,29064.81141
1418,0061PM,P,,,0.738,4.574,55,61,M,6173.455757
1419,0045PM,P,,,36.442,37.167,50,45,M,1166.777506
1420,0006PM,P,,,90.632,104.37,65,6,M,22109.21177
1421,0077PM,P,,,6.635,7.48,40,77,M,1359.897978
1422,0006PM,P,,,83.48,87.439,55,6,M,6371.405295
1423,0006PM,P,,,82.087,82.383,55,6,M,476.3670556
1424,0010PM,P,,,68.056,68.855544,30,10,M,1286.74393
1425,0097PM,P,,,3.15,5.331586,35,97,M,3510.929705
1426,0089NM,N,,,3.285,5.738843,60,89,M,3949.870666
1427,0089PM,P,,,242.803,249.766,65,89,M,11205.92123
1428,0012PM,P,,,59.024,60.182,30,12,M,1863.623758
1429,0006PM,P,,,27.822,82.087,65,6,M,87331.22606
1430,0006PM,P,,,246.3,246.489,50,6,M,304.1661988
1431,0060PM,P,,,3.082,6.171,40,60,M,4971.273825
1432,0006PM,P,,,89.692,90.632,45,6,M,1512.786556
1433,0068PM,P,,,70.234,70.797799,40,68,M,907.3493941
1434,0009PM,P,,,9.003,10.103,30,9,M,1770.281989
1435,0073PM,P,,,21.293,24.879,65,73,M,5771.118674
1436,0257PM,P,,,65.764,66.903,40,257,M,1833.047104
1437,0089PM,P,,,413.378,415.263,35,89,M,3033.629539
1438,0012PM,P,,,18.483,20.579,55,12,M,3373.192934
1439,0006PM,P,,,105.531,139.256,65,6,M,54275.23551
1440,0006PM,P,,,104.37,105.13,50,6,M,1223.104882
1441,0006PM,P,,,105.13,105.531,55,6,M,645.3477123
1442,0118PM,P,,,0.18,0.563,40,118,M,616.3788757
1443,0158PM,P,,,0,0.734,45,158,M,1181.261293
1444,0137PM,P,,,0,0.605,35,137,M,973.6542814
1445,0022PM,P,,,3.021,6.870971,55,22,M,6195.940536
1446,0062PM,P,,,12.452,31.413,65,62,M,30514.83353
1447,0040PM,P,,,113.696,114.12,40,40,M,682.3628941
1448,0016PM,P,,,10.707,19.403,65,16,M,13994.88346
1449,0019PM,P,,,3.361,4.577193,55,19,M,1957.277777
1450,0117PM,P,,,9.342,11.521,60,117,M,3506.768184
1451,0030PM,P,,,124.515,135.755093,65,30,M,18089.9153
1452,0006PM,P,,,182.139,221.042,65,6,M,62608.4354
1453,0161PM,P,,,0.91,1.196,35,161,M,460.2732475
1454,0035PM,P,,,2.89,5.3,45,35,M,3878.526468
1455,0102PM,P,,,16.756,17.737,50,102,M,1578.769877
1456,0044PM,P,,,24.774,27.366,55,44,M,4171.427875
1457,0009PM,P,,,3.668,4.253,50,9,M,941.4686331
1458,0045PM,P,,,38.26,39.985712,35,45,M,2777.269505
1459,0006PM,P,,,27.111,27.822,50,6,M,1144.246404
1460,0021PM,P,,,76.389,77.015,30,21,M,1007.450891
1461,0009PM,P,,,19.626,26.689,65,9,M,11366.81903
1462,0140PM,P,,,0,0.928188,,140,M,1493.776953
1463,0006PM,P,,,82.383,83.48,40,6,M,1765.453655
1464,0016PM,P,,,9.724,10.707,40,16,M,1581.988486
1465,0006PM,P,,,24.506,25.255,50,6,M,1205.400594
1466,0006PM,P,,,87.439,87.716,40,6,M,445.7898836
1467,0099PM,P,,,2.813,3.496,40,99,M,1099.184037
1468,0040PM,P,,,149.062,150.305,55,40,M,2000.418287
1469,0071PM,P,,,0,2.979,40,71,M,4794.244811
1470,0117PM,P,,,0,1.183,40,117,M,1903.858442
1471,0012PM,P,,,113.662,123.21808,50,12,M,15379.05089
1472,0264PM,P,,,0,0.706,35,264,M,1136.19914
1473,0006PM,P,,,0,24.506,65,6,M,39438.66331
1474,0013PM,P,,,13.993,33.182706,55,13,M,30882.90036
1475,0165PM,P,,,0.52,0.971,40,165,M,725.8151587
1476,0013PM,P,,,5.912,7.798,60,13,M,3035.230139
1477,0006NM,N,,,0,3.337027,65,6,M,5370.435904
1478,0099PM,P,,,0,1.548,40,99,M,2491.269836
1479,0112PM,P,,,0,0.648,40,112,M,1042.856832
1480,0010PM,P,,,49.137,63.864,65,10,M,23700.85612
1481,0006PM,P,,,25.255,27.111,35,6,M,2986.948417
